City_ID,City,Country,Date,Lat,Lng,Max Temp,Humidity,Cloudiness,Wind Speed
0,Kieta,PG,2021-08-09 04:04:38,-6.2167,155.6333,82.98,70,88,4.14
1,Ushuaia,AR,2021-08-09 04:01:54,-54.8,-68.3,36.23,95,100,8.23
2,Uruzgan,AF,2021-08-09 04:04:39,32.8333,66.0,82.96,13,2,4.74
3,Energetik,RU,2021-08-09 04:04:39,51.7445,58.7934,67.14,61,53,7.38
4,Fortuna,US,2021-08-09 04:01:09,40.5982,-124.1573,59.09,68,1,3.0
5,Busselton,AU,2021-08-09 04:04:40,-33.65,115.3333,58.05,68,81,27.36
6,Tasiilaq,GL,2021-08-09 04:01:14,65.6145,-37.6368,48.36,92,100,15.52
7,Beyneu,KZ,2021-08-09 04:02:06,45.3167,55.2,89.13,18,0,12.53
8,Envira,BR,2021-08-09 04:04:40,-7.3,-70.2167,73.27,58,18,2.93
9,Khatanga,RU,2021-08-09 04:04:41,71.9667,102.5,57.04,81,100,11.39
10,Punta Arenas,CL,2021-08-09 04:04:41,-53.15,-70.9167,41.11,75,90,20.71
11,Sitia,GR,2021-08-09 04:01:50,35.2,26.0986,78.35,67,0,20.09
12,Romitan,UZ,2021-08-09 04:04:42,39.9343,64.3814,80.55,26,0,16.11
13,Nouadhibou,MR,2021-08-09 04:04:42,20.931,-17.0347,69.6,86,2,17.81
14,Pacific Grove,US,2021-08-09 04:01:44,36.6177,-121.9166,66.16,92,69,1.01
15,Coihaique,CL,2021-08-09 04:00:36,-45.5752,-72.0662,33.76,91,81,4.61
16,Provideniya,RU,2021-08-09 04:04:43,64.3833,-173.3,55.51,58,75,13.42
17,Mataura,NZ,2021-08-09 04:04:43,-46.1927,168.8643,44.47,97,100,6.73
18,Laguna,US,2021-08-09 04:04:44,38.421,-121.4238,84.7,53,1,8.05
19,Tura,IN,2021-08-09 04:04:44,25.5198,90.2201,79.63,91,98,6.08
20,Kamenka,RU,2021-08-09 04:04:44,51.3223,42.7678,78.15,35,100,15.19
21,La Ronge,CA,2021-08-09 04:03:08,55.1001,-105.2842,56.73,73,84,11.14
22,Jamestown,US,2021-08-09 04:04:45,42.097,-79.2353,72.36,92,1,1.01
23,Tanout,NE,2021-08-09 04:02:55,14.9709,8.8879,81.27,62,93,5.95
24,Hilo,US,2021-08-09 04:00:24,19.7297,-155.09,77.18,83,53,1.99
25,Wanaka,NZ,2021-08-09 04:04:46,-44.7,169.15,40.86,60,53,1.92
26,Avarua,CK,2021-08-09 04:04:46,-21.2078,-159.775,75.25,78,57,12.66
27,Kapaa,US,2021-08-09 04:04:46,22.0752,-159.319,84.18,67,40,3.0
28,Bengkulu,ID,2021-08-09 04:00:58,-3.8004,102.2655,84.74,68,92,4.5
29,Misratah,LY,2021-08-09 04:04:47,32.3754,15.0925,79.36,73,0,8.9
30,Sovetskiy,RU,2021-08-09 04:04:47,61.3614,63.5842,58.3,88,97,8.97
31,Cururupu,BR,2021-08-09 04:04:48,-1.8283,-44.8683,73.26,94,1,3.91
32,Praia,CV,2021-08-09 04:04:48,14.9215,-23.5087,77.54,88,75,2.3
33,Georgetown,MY,2021-08-09 04:04:49,5.4112,100.3354,89.89,71,20,5.75
34,Hermanus,ZA,2021-08-09 04:04:49,-34.4187,19.2345,52.9,66,93,17.52
35,Torbay,CA,2021-08-09 04:04:49,47.6666,-52.7314,55.58,88,79,4.0
36,Uarini,BR,2021-08-09 04:04:50,-2.99,-65.1083,74.19,88,79,3.02
37,Cidreira,BR,2021-08-09 04:04:50,-30.1811,-50.2056,59.76,93,0,9.31
38,Faanui,PF,2021-08-09 04:04:51,-16.4833,-151.75,79.56,76,23,14.16
39,Auki,SB,2021-08-09 04:04:51,-8.7676,160.7034,82.72,70,65,3.31
40,Vaini,TO,2021-08-09 04:04:51,-21.2,-175.2,75.36,78,20,11.5
41,Jinchang,CN,2021-08-09 04:04:52,38.4953,102.1739,82.92,19,41,7.29
42,Kodiak,US,2021-08-09 04:04:52,57.79,-152.4072,60.31,55,40,12.66
43,Moindou,NC,2021-08-09 04:04:53,-21.6924,165.677,62.55,67,8,19.24
44,Atuona,PF,2021-08-09 04:01:03,-9.8,-139.0333,77.95,76,19,21.07
45,Boca Del Monte,MX,2021-08-09 04:04:53,19.15,-96.8167,72.57,97,79,2.33
46,Seoul,KR,2021-08-09 04:03:20,37.5683,126.9778,92.59,40,17,5.86
47,Mayo,US,2021-08-09 04:04:54,38.8876,-76.5119,77.36,90,1,1.01
48,Bredasdorp,ZA,2021-08-09 04:04:54,-34.5322,20.0403,49.28,81,92,12.03
49,Sioux Lookout,CA,2021-08-09 04:04:54,50.1001,-91.917,62.19,83,0,5.64
50,Cape Town,ZA,2021-08-09 04:04:55,-33.9258,18.4232,53.11,89,74,13.94
51,East London,ZA,2021-08-09 04:04:55,-33.0153,27.9116,60.67,73,53,11.74
52,Ostrovnoy,RU,2021-08-09 04:04:56,68.0531,39.5131,55.31,71,0,8.48
53,Rikitea,PF,2021-08-09 04:04:56,-23.1203,-134.9692,74.79,78,14,11.63
54,Geraldton,AU,2021-08-09 04:04:56,-28.7667,114.6,66.61,77,90,14.97
55,Saint Anthony,US,2021-08-09 04:00:01,45.0205,-93.218,72.14,91,90,1.01
56,Okhotsk,RU,2021-08-09 04:04:57,59.3833,143.3,64.72,65,66,11.7
57,Mehamn,NO,2021-08-09 04:04:57,71.0357,27.8492,60.98,63,0,8.05
58,Castro,BR,2021-08-09 04:04:58,-24.7911,-50.0119,53.29,79,4,3.13
59,Albany,US,2021-08-09 04:04:58,42.6001,-73.9662,70.38,82,5,3.83
60,Podgornoye,RU,2021-08-09 04:04:59,51.735,39.1496,77.22,38,0,8.95
61,Honiara,SB,2021-08-09 04:03:55,-9.4333,159.95,81.77,78,89,4.63
62,Banda Aceh,ID,2021-08-09 04:05:00,5.5577,95.3222,85.21,68,99,10.45
63,Butaritari,KI,2021-08-09 04:05:00,3.0707,172.7902,83.66,61,13,8.99
64,Korla,CN,2021-08-09 04:05:01,41.7597,86.1469,86.77,26,17,12.17
65,Arraial Do Cabo,BR,2021-08-09 04:05:03,-22.9661,-42.0278,68.11,86,0,23.64
66,Victoria,HK,2021-08-09 04:02:31,22.2855,114.1577,87.85,85,100,2.57
67,Carnarvon,AU,2021-08-09 04:05:04,-24.8667,113.6333,69.85,60,18,12.53
68,Ahipara,NZ,2021-08-09 04:05:04,-35.1667,173.1667,52.34,55,80,20.54
69,Tuktoyaktuk,CA,2021-08-09 04:05:04,69.4541,-133.0374,43.79,83,42,10.04
70,Adrar,MR,2021-08-09 04:05:05,20.5022,-10.0711,82.35,24,34,11.48
71,Chuy,UY,2021-08-09 04:05:05,-33.6971,-53.4616,56.7,98,86,8.55
72,Chapadinha,BR,2021-08-09 04:05:06,-3.7417,-43.3603,74.08,82,77,1.43
73,Bluff,NZ,2021-08-09 04:05:06,-46.6,168.3333,44.8,77,100,19.98
74,Siderno,IT,2021-08-09 04:05:07,38.2779,16.302,81.84,46,6,9.37
75,Poronaysk,RU,2021-08-09 04:05:07,49.2167,143.1167,59.05,69,99,11.54
76,Superior,US,2021-08-09 04:05:08,46.7208,-92.1041,67.82,96,90,4.61
77,Nexo,DK,2021-08-09 04:05:08,55.0607,15.1306,55.49,76,99,12.62
78,Japura,ID,2021-08-09 04:05:08,-0.3167,102.35,93.24,51,51,2.26
79,Puerto Ayora,EC,2021-08-09 04:05:09,-0.7393,-90.3518,69.55,91,34,5.01
80,Sabzevar,IR,2021-08-09 04:05:09,36.2126,57.6819,86.43,15,0,5.79
81,Mar Del Plata,AR,2021-08-09 04:05:10,-38.0023,-57.5575,46.42,66,0,11.5
82,Naurskaya,RU,2021-08-09 04:05:10,43.6519,45.3133,81.54,53,23,9.31
83,Portland,US,2021-08-09 04:02:48,45.5234,-122.6762,69.78,63,1,3.0
84,Hobart,AU,2021-08-09 04:01:22,-42.8794,147.3294,59.25,60,75,1.99
85,Souillac,MU,2021-08-09 04:05:11,-20.5167,57.5167,70.36,87,94,9.89
86,Upernavik,GL,2021-08-09 04:05:11,72.7868,-56.1549,41.56,87,90,9.37
87,Lasa,IT,2021-08-09 04:01:00,46.6166,10.7002,56.14,90,67,2.82
88,Touros,BR,2021-08-09 04:00:40,-5.1989,-35.4608,73.33,89,34,11.5
89,Vanimo,PG,2021-08-09 04:05:12,-2.6741,141.3028,83.57,72,70,8.28
90,Port Lincoln,AU,2021-08-09 04:05:12,-34.7333,135.8667,65.07,48,6,17.16
91,Margate,GB,2021-08-09 04:00:58,51.3813,1.3862,60.31,86,98,1.99
92,Suntar,RU,2021-08-09 04:05:13,62.1444,117.6319,76.24,61,100,1.14
93,Point Fortin,TT,2021-08-09 04:05:13,10.1833,-61.6833,80.15,81,54,8.93
94,Bethel,US,2021-08-09 04:05:14,41.3712,-73.414,70.63,89,1,0.0
95,Olinda,BR,2021-08-09 04:05:14,-8.0089,-34.8553,73.13,94,90,9.22
96,Aksarka,RU,2021-08-09 04:02:49,66.5606,67.7975,57.52,57,79,16.08
97,Lavumisa,SZ,2021-08-09 04:05:14,-27.31,31.892,55.89,45,1,4.81
98,Hervey Bay,AU,2021-08-09 04:05:15,-25.2986,152.8535,71.04,79,95,16.58
99,Srednekolymsk,RU,2021-08-09 04:05:15,67.45,153.6833,73.76,33,10,5.12
100,Nome,US,2021-08-09 04:05:16,64.5011,-165.4064,61.16,63,90,5.75
101,Ponta Do Sol,PT,2021-08-09 04:01:02,32.6667,-17.1,69.12,70,21,4.92
102,Yellowknife,CA,2021-08-09 04:00:39,62.456,-114.3525,47.52,75,100,10.22
103,Lavrentiya,RU,2021-08-09 04:05:16,65.5833,-171.0,45.05,82,56,13.96
104,New Norfolk,AU,2021-08-09 04:05:17,-42.7826,147.0587,58.91,52,90,3.71
105,Santa Fe,AR,2021-08-09 04:05:17,-31.6333,-60.7,51.75,95,100,8.01
106,Pevek,RU,2021-08-09 04:05:18,69.7008,170.3133,37.65,83,68,11.41
107,Jibuti,DJ,2021-08-09 04:01:31,11.5,42.5,85.89,45,72,4.36
108,Comodoro Rivadavia,AR,2021-08-09 04:05:18,-45.8667,-67.5,39.06,52,0,6.91
109,Kungurtug,RU,2021-08-09 04:05:18,50.5994,97.5228,69.58,44,50,1.7
110,Vao,NC,2021-08-09 04:05:19,-22.6667,167.4833,66.2,61,87,23.73
111,Port Alfred,ZA,2021-08-09 04:05:19,-33.5906,26.891,57.99,80,31,16.71
112,Bambous Virieux,MU,2021-08-09 04:05:19,-20.3428,57.7575,70.21,84,89,13.96
113,George,ZA,2021-08-09 04:05:20,-33.963,22.4617,51.91,85,100,16.73
114,Norman Wells,CA,2021-08-09 04:05:20,65.282,-126.8329,53.62,65,92,9.26
115,Takoradi,GH,2021-08-09 04:05:20,4.8845,-1.7554,74.71,90,82,8.77
116,Tiksi,RU,2021-08-09 04:02:07,71.6872,128.8694,53.85,65,98,3.44
117,Hithadhoo,MV,2021-08-09 04:05:21,-0.6,73.0833,81.91,70,91,2.51
118,Ukiah,US,2021-08-09 04:01:06,39.1502,-123.2078,75.36,55,0,2.57
119,Tessalit,ML,2021-08-09 04:05:21,20.1986,1.0114,86.59,39,18,7.47
120,Saskylakh,RU,2021-08-09 04:05:22,71.9167,114.0833,65.98,55,99,6.8
121,Zdanice,CZ,2021-08-09 04:05:22,49.0673,17.0275,59.95,88,23,3.0
122,Talnakh,RU,2021-08-09 04:05:23,69.4865,88.3972,72.07,40,33,9.71
123,Zverinogolovskoye,RU,2021-08-09 04:05:23,54.4586,64.8542,68.52,68,50,11.77
124,Saint-Philippe,RE,2021-08-09 04:05:23,-21.3585,55.7679,71.22,83,66,1.79
125,Bulacan,PH,2021-08-09 04:05:24,14.7928,120.8789,89.15,70,99,5.03
126,Namibe,AO,2021-08-09 04:02:36,-15.1961,12.1522,62.35,82,67,3.38
127,Tazovskiy,RU,2021-08-09 04:05:24,67.4667,78.7,59.23,63,1,14.29
128,Tyrma,RU,2021-08-09 04:02:57,50.0833,132.1667,52.41,92,100,3.51
129,Ayorou,NE,2021-08-09 04:05:25,14.7308,0.9174,87.03,54,42,12.46
130,Sorong,ID,2021-08-09 04:04:31,-0.8833,131.25,82.45,75,76,6.29
131,Priargunsk,RU,2021-08-09 04:05:25,50.3691,119.1012,67.24,86,100,5.79
132,Tshela,CD,2021-08-09 04:05:26,-4.9833,12.9333,64.42,98,54,0.96
133,Kununurra,AU,2021-08-09 04:05:26,-15.7667,128.7333,85.98,16,4,11.5
134,Chenzhou,CN,2021-08-09 04:05:26,25.8,113.0333,94.53,55,100,3.2
135,Forrest City,US,2021-08-09 04:05:27,35.0081,-90.7898,80.83,71,61,10.96
136,Monzon,ES,2021-08-09 04:05:27,41.9108,0.1941,69.22,82,0,3.6
137,Bharuch,IN,2021-08-09 04:05:28,21.7,72.9667,84.04,67,99,11.27
138,Ndago,TZ,2021-08-09 04:05:28,-4.6,34.35,59.31,68,17,4.25
139,Bara,NG,2021-08-09 04:05:29,10.3744,10.7288,71.15,93,92,7.65
140,Cheney,US,2021-08-09 04:00:55,47.4874,-117.5758,59.77,88,64,3.4
141,Sangmelima,CM,2021-08-09 04:05:29,2.9333,11.9833,64.69,99,81,2.84
142,Marsa Matruh,EG,2021-08-09 04:05:29,31.3525,27.2453,78.15,63,0,9.93
143,Quatre Cocos,MU,2021-08-09 04:05:30,-20.2078,57.7625,70.09,84,82,12.3
144,Mundra,IN,2021-08-09 04:05:30,22.85,69.7333,83.64,66,99,13.29
145,Kaitangata,NZ,2021-08-09 04:05:31,-46.2817,169.8464,39.87,96,74,11.54
146,Alofi,NU,2021-08-09 04:05:31,-19.0595,-169.9187,76.89,94,75,4.61
147,Cherskiy,RU,2021-08-09 04:05:32,68.75,161.3,65.52,28,56,6.71
148,Sarab,IR,2021-08-09 04:05:32,38.6066,44.9883,79.79,40,91,4.52
149,Longyearbyen,SJ,2021-08-09 04:01:02,78.2186,15.6401,40.84,87,75,4.61
150,Kavieng,PG,2021-08-09 04:05:33,-2.5744,150.7967,84.85,67,39,11.18
151,Saldanha,ZA,2021-08-09 04:05:33,-33.0117,17.9442,54.86,67,73,20.18
152,Necochea,AR,2021-08-09 04:00:35,-38.5473,-58.7368,45.03,85,72,3.49
153,Olafsvik,IS,2021-08-09 04:02:08,64.8945,-23.7142,55.36,89,100,11.23
154,Lebu,CL,2021-08-09 04:05:34,-37.6167,-73.65,43.74,84,3,6.15
155,Kushiro,JP,2021-08-09 04:05:35,42.975,144.3747,59.95,94,75,14.97
156,Vestmannaeyjar,IS,2021-08-09 04:05:35,63.4427,-20.2734,56.35,78,100,9.48
157,Yar-Sale,RU,2021-08-09 04:05:36,66.8333,70.8333,53.82,66,100,16.6
158,Codrington,AU,2021-08-09 04:05:36,-38.2667,141.9667,59.02,65,47,14.81
159,San Quintin,MX,2021-08-09 04:03:15,30.4833,-115.95,67.53,82,4,6.85
160,Northam,GB,2021-08-09 04:05:37,51.0333,-4.2167,59.67,96,95,13.18
161,Linguere,SN,2021-08-09 04:05:38,15.3953,-15.1193,78.93,78,70,11.21
162,Changli,CN,2021-08-09 04:05:38,39.7042,119.1506,84.76,61,32,7.81
163,Weligama,LK,2021-08-09 04:05:39,5.9667,80.4167,81.43,76,99,11.27
164,Bowen,AU,2021-08-09 04:05:39,-20.0167,148.2333,73.89,56,0,19.75
165,Nabire,ID,2021-08-09 04:01:52,-3.3667,135.4833,81.7,79,89,2.62
166,Los Llanos De Aridane,ES,2021-08-09 04:02:16,28.6585,-17.9182,69.55,92,75,6.91
167,Broken Hill,AU,2021-08-09 04:03:28,-31.95,141.4333,61.2,36,0,6.73
168,Lincoln,US,2021-08-09 04:05:40,40.8,-96.667,78.3,84,1,1.99
169,La Macarena,CO,2021-08-09 04:05:40,2.1837,-73.7849,70.84,98,57,2.1
170,Angoram,PG,2021-08-09 04:05:40,-4.0625,144.0661,87.03,63,87,4.52
171,Vanino,RU,2021-08-09 04:05:41,49.0869,140.2543,58.77,70,99,8.86
172,Yinchuan,CN,2021-08-09 04:05:41,38.4681,106.2731,90.61,15,0,1.83
173,Hasaki,JP,2021-08-09 04:05:42,35.7333,140.8333,88.2,82,60,30.76
174,Oussouye,SN,2021-08-09 04:05:42,12.485,-16.5469,77.29,88,97,7.43
175,Plettenberg Bay,ZA,2021-08-09 04:05:42,-34.0527,23.3716,54.32,86,100,19.93
176,Storforshei,NO,2021-08-09 04:05:43,66.4043,14.5233,62.38,77,75,4.61
177,Gamba,GA,2021-08-09 04:05:43,-2.65,10.0,72.86,84,85,4.29
178,Zhezkazgan,KZ,2021-08-09 04:05:44,47.8043,67.7144,70.83,36,0,14.23
179,Marawi,PH,2021-08-09 04:05:44,7.9986,124.2928,72.16,82,100,2.46
180,Mizan Teferi,ET,2021-08-09 04:05:45,6.9833,35.5833,60.69,97,100,1.7
181,Esperance,AU,2021-08-09 04:05:45,-33.8667,121.9,63.97,71,33,21.88
182,Atar,MR,2021-08-09 04:05:45,20.5169,-13.0499,87.55,24,27,5.21
183,Cabo San Lucas,MX,2021-08-09 04:04:18,22.8909,-109.9124,86.61,67,16,1.39
184,Lufilufi,WS,2021-08-09 04:05:46,-13.8745,-171.5986,81.64,78,92,17.16
185,Santa Cruz,BO,2021-08-09 04:05:46,-17.8,-63.1667,74.66,69,15,10.36
186,Cochrane,CA,2021-08-09 04:05:47,51.1834,-114.4687,55.47,60,99,4.03
187,Mocuba,MZ,2021-08-09 04:05:47,-16.8392,36.9856,58.44,96,0,2.51
188,Kabare,CD,2021-08-09 04:05:47,-2.4683,28.8242,59.68,86,36,1.34
189,Kawalu,ID,2021-08-09 04:05:48,-7.3817,108.2082,85.53,62,64,4.07
190,Ribeira Grande,PT,2021-08-09 04:05:48,38.5167,-28.7,72.34,88,60,12.64
191,San Policarpo,PH,2021-08-09 04:02:11,12.1791,125.5072,84.51,67,100,2.57
192,Dingle,PH,2021-08-09 04:05:49,10.9995,122.6711,80.08,85,100,3.02
193,Lompoc,US,2021-08-09 04:03:02,34.6391,-120.4579,65.79,94,90,5.75
194,Kankan,GN,2021-08-09 04:05:49,10.3854,-9.3057,69.78,99,100,2.89
195,Bandarbeyla,SO,2021-08-09 04:03:24,9.4942,50.8122,77.97,72,69,26.53
196,Port Elizabeth,ZA,2021-08-09 04:01:04,-33.918,25.5701,57.49,82,75,21.85
197,Linxia,CN,2021-08-09 04:05:50,35.6003,103.2064,78.67,35,52,5.53
198,Rocha,UY,2021-08-09 04:05:50,-34.4833,-54.3333,52.65,96,100,13.8
199,College,US,2021-08-09 04:05:51,64.8569,-147.8028,60.75,91,90,8.05
200,Priiskovyy,RU,2021-08-09 04:05:51,51.9333,116.6333,65.32,89,100,6.02
201,Maua,BR,2021-08-09 04:05:51,-23.6678,-46.4614,62.89,69,35,4.81
202,Deputatskiy,RU,2021-08-09 04:05:52,69.3,139.9,76.42,31,16,1.92
203,Caluquembe,AO,2021-08-09 04:05:52,-13.7833,14.6833,51.96,42,40,0.4
204,Tawau,MY,2021-08-09 04:05:53,4.2498,117.8871,85.77,65,47,5.08
205,Ballina,AU,2021-08-09 04:05:53,-28.8667,153.5667,63.79,73,97,8.81
206,Klaksvik,FO,2021-08-09 04:00:59,62.2266,-6.589,49.12,93,100,2.39
207,Namtsy,RU,2021-08-09 04:05:54,62.7161,129.6658,78.91,17,81,10.49
208,Borogontsy,RU,2021-08-09 04:05:54,62.6683,131.1683,81.28,20,35,9.08
209,Puerto Colombia,CO,2021-08-09 04:05:54,10.9878,-74.9547,80.69,79,100,19.91
210,Oudtshoorn,ZA,2021-08-09 04:02:40,-33.5907,22.2014,51.17,86,100,11.39
211,Sitka,US,2021-08-09 04:05:55,57.0531,-135.33,57.09,88,90,8.05
212,Syracuse,IT,2021-08-09 04:05:55,37.0881,15.2792,86.43,58,0,5.97
213,Evensk,RU,2021-08-09 04:05:56,61.95,159.2333,66.02,45,21,4.94
214,Hammerfest,NO,2021-08-09 04:03:12,70.6634,23.6821,63.05,55,0,6.91
215,Vila Franca Do Campo,PT,2021-08-09 04:05:56,37.7167,-25.4333,70.21,89,50,10.29
216,Mnogovershinnyy,RU,2021-08-09 04:05:57,53.9353,139.9242,64.35,42,0,6.11
217,Mahebourg,MU,2021-08-09 04:05:57,-20.4081,57.7,70.25,84,89,13.78
218,Chokurdakh,RU,2021-08-09 04:05:57,70.6333,147.9167,75.02,29,77,13.69
219,Concepcion Del Oro,MX,2021-08-09 04:05:58,24.6333,-101.4167,70.18,48,22,10.04
220,Orange Cove,US,2021-08-09 04:05:58,36.6244,-119.3137,91.06,44,1,4.61
221,Agadez,NE,2021-08-09 04:03:05,19.75,10.25,86.52,36,61,11.41
222,Batagay-Alyta,RU,2021-08-09 04:05:59,67.8006,130.4114,78.3,19,8,7.14
223,Sept-Iles,CA,2021-08-09 04:02:02,50.2001,-66.3821,51.06,81,0,1.01
224,Portmore,JM,2021-08-09 04:05:59,17.9702,-76.8672,82.36,84,20,6.91
225,Mount Isa,AU,2021-08-09 04:01:21,-20.7333,139.5,80.37,19,0,6.91
226,Komarovo,RU,2021-08-09 04:06:00,60.1841,29.8175,62.8,93,90,7.52
227,Rincon,US,2021-08-09 04:06:00,32.296,-81.2354,79.86,92,75,0.0
228,Qaanaaq,GL,2021-08-09 04:06:01,77.484,-69.3632,36.82,67,94,7.81
229,Kanniyakumari,IN,2021-08-09 04:06:01,8.0833,77.5667,82.44,77,97,18.57
230,Guerrero Negro,MX,2021-08-09 04:06:01,27.9769,-114.0611,70.52,83,2,15.75
231,Sao Mateus Do Maranhao,BR,2021-08-09 04:06:02,-4.0417,-44.475,71.67,82,11,4.34
232,Anloga,GH,2021-08-09 04:06:02,5.7947,0.8973,75.36,90,94,12.53
233,Nikolskoye,RU,2021-08-09 04:06:03,59.7035,30.7861,63.01,94,76,5.61
234,Dingli,MT,2021-08-09 04:06:03,35.8614,14.3822,77.81,94,75,3.44
235,Port-Gentil,GA,2021-08-09 04:06:04,-0.7193,8.7815,75.06,83,98,11.54
236,Manakara,MG,2021-08-09 04:03:24,-22.1333,48.0167,64.02,92,28,5.59
237,Andijon,UZ,2021-08-09 04:06:04,40.7821,72.3442,90.68,39,0,4.61
238,Illela,NG,2021-08-09 04:06:05,13.7292,5.2975,78.82,73,65,14.5
239,Andenes,NO,2021-08-09 04:06:05,69.3143,16.1194,58.98,82,0,11.5
240,Baykit,RU,2021-08-09 04:06:05,61.67,96.37,69.87,60,70,5.55
241,Assiniboia,CA,2021-08-09 04:06:06,49.6334,-105.9845,64.47,48,78,9.57
242,Ayan,RU,2021-08-09 04:06:06,56.45,138.1667,58.89,62,0,12.71
243,La Rioja,ES,2021-08-09 04:06:07,42.25,-2.5,53.38,82,0,5.06
244,Mangrol,IN,2021-08-09 04:06:07,21.1167,70.1167,82.27,73,98,10.11
245,Saint-Ambroise,CA,2021-08-09 04:06:07,48.5501,-71.3324,54.99,67,98,6.15
246,Meadow Lake,US,2021-08-09 04:02:40,34.8014,-106.5436,81.88,17,28,4.97
247,Noyabrsk,RU,2021-08-09 04:06:08,63.1994,75.4507,68.25,60,63,11.99
248,Half Moon Bay,US,2021-08-09 04:06:09,37.4636,-122.4286,71.19,86,1,6.91
249,Valentin Gomez Farias,MX,2021-08-09 04:06:09,28.2167,-106.5833,68.02,70,49,5.91
250,Bikin,RU,2021-08-09 04:06:09,46.8161,134.26,59.86,89,100,3.15
251,Pokaran,IN,2021-08-09 04:06:10,26.9167,71.9167,89.56,49,4,16.22
252,Narsaq,GL,2021-08-09 04:06:10,60.9167,-46.05,44.82,84,3,4.52
253,Dikson,RU,2021-08-09 04:06:11,73.5069,80.5464,41.99,96,75,9.55
254,Kruisfontein,ZA,2021-08-09 04:06:11,-34.0033,24.7314,52.88,83,100,20.76
255,Magadan,RU,2021-08-09 04:03:16,59.5667,150.8,62.01,61,29,6.04
256,Praia Da Vitoria,PT,2021-08-09 04:06:12,38.7333,-27.0667,70.75,93,47,15.43
257,Boa Vista,BR,2021-08-09 04:06:12,2.8197,-60.6733,78.78,83,40,2.3
258,Brigantine,US,2021-08-09 04:06:12,39.4101,-74.3646,70.02,94,90,3.44
259,Pangnirtung,CA,2021-08-09 04:06:13,66.1451,-65.7125,43.93,92,100,7.14
260,Mandan,US,2021-08-09 04:06:13,46.8267,-100.8896,84.04,54,1,12.66
261,Barrow,US,2021-08-09 04:06:14,71.2906,-156.7887,37.42,88,90,6.91
262,Mount Gambier,AU,2021-08-09 04:06:14,-37.8333,140.7667,60.22,58,7,10.33
263,Gazojak,TM,2021-08-09 04:06:15,41.1875,61.4036,88.14,16,0,11.88
264,Xixiang,CN,2021-08-09 04:06:15,35.1628,112.865,90.21,54,7,5.35
265,Lat Yao,TH,2021-08-09 04:06:15,15.751,99.7893,93.24,49,61,2.42
266,Dukat,RU,2021-08-09 04:06:16,62.55,155.55,60.46,45,6,8.1
267,Paamiut,GL,2021-08-09 04:06:16,61.994,-49.6678,43.43,84,92,6.89
268,Evanston,US,2021-08-09 04:02:39,42.0411,-87.6901,73.96,85,100,3.0
269,Katsuura,JP,2021-08-09 04:06:17,35.1333,140.3,84.24,86,65,31.05
270,San Pedro,PH,2021-08-09 04:06:17,14.35,121.0167,88.32,72,93,9.31
271,Kenai,US,2021-08-09 04:02:38,60.5544,-151.2583,54.09,93,90,10.36
272,Luderitz,NA,2021-08-09 04:06:18,-26.6481,15.1594,54.27,81,46,7.31
273,Baruun-Urt,MN,2021-08-09 04:06:18,46.6806,113.2792,69.76,54,60,9.48
274,Banikoara,BJ,2021-08-09 04:06:18,11.2985,2.4386,72.3,93,100,6.02
275,Gambela,ET,2021-08-09 04:06:19,8.25,34.5833,70.18,86,99,2.24
276,Porto Velho,BR,2021-08-09 04:06:20,-8.7619,-63.9039,75.25,73,0,0.0
277,Chimbote,PE,2021-08-09 04:05:33,-9.0853,-78.5783,63.09,82,41,10.29
278,Pangkalanbuun,ID,2021-08-09 04:06:21,-2.6833,111.6167,84.61,75,99,3.49
279,Thompson,CA,2021-08-09 04:06:21,55.7435,-97.8558,59.7,83,94,6.4
280,Kashi,CN,2021-08-09 04:06:22,39.4547,75.9797,81.18,27,0,3.27
281,Khargone,IN,2021-08-09 04:06:22,21.8167,75.6,82.22,73,100,8.81
282,Eureka,US,2021-08-09 04:06:22,40.8021,-124.1637,59.36,77,1,2.77
283,Lata,PT,2021-08-09 04:06:23,40.1629,-8.3327,58.82,97,63,2.01
284,Muana,BR,2021-08-09 04:06:23,-1.5283,-49.2167,77.9,81,100,3.6
285,Langnau,CH,2021-08-09 04:06:24,46.9394,7.7874,56.1,93,80,3.62
286,Qaqortoq,GL,2021-08-09 04:06:24,60.7167,-46.0333,45.1,90,0,0.85
287,Antalaha,MG,2021-08-09 04:06:24,-14.9003,50.2788,67.42,80,4,5.08
288,Havelock,US,2021-08-09 04:06:25,34.8791,-76.9013,77.95,94,1,1.45
289,Muisne,EC,2021-08-09 04:06:25,0.6,-80.0333,74.43,84,99,6.67
290,Biak,ID,2021-08-09 04:06:25,-0.9131,122.8766,80.89,76,60,6.8
291,Farafangana,MG,2021-08-09 04:06:26,-22.8167,47.8333,64.15,90,40,6.98
292,Cuiluan,CN,2021-08-09 04:06:26,47.72,128.648,70.18,60,24,10.09
293,Barcelona,ES,2021-08-09 04:06:05,41.3888,2.159,73.72,67,0,8.05
294,Tornio,FI,2021-08-09 04:06:27,65.8481,24.1466,59.02,96,100,12.59
295,Manokwari,ID,2021-08-09 04:06:27,-0.8667,134.0833,82.58,73,78,7.63
296,Lagoa,PT,2021-08-09 04:06:27,39.05,-27.9833,71.22,83,42,18.84
297,Prainha,BR,2021-08-09 04:06:28,-1.8,-53.48,77.79,69,85,3.09
298,Lethem,GY,2021-08-09 04:06:28,3.3803,-59.7968,75.09,90,98,2.98
299,Xinzhou,CN,2021-08-09 04:06:29,38.4092,112.7333,83.98,40,7,1.68
300,Shenjiamen,CN,2021-08-09 04:06:29,29.9576,122.298,82.8,76,82,10.94
301,Tilichiki,RU,2021-08-09 04:06:29,60.4667,166.1,62.46,43,43,8.86
302,Santa Maria,BR,2021-08-09 04:06:30,-29.6842,-53.8069,63.32,76,2,5.23
303,Vila Velha,BR,2021-08-09 04:02:13,-20.3297,-40.2925,65.52,85,44,4.7
304,Coquimbo,CL,2021-08-09 04:02:44,-29.9533,-71.3436,51.48,84,0,5.77
305,Shadrinsk,RU,2021-08-09 04:06:30,56.0852,63.6335,66.45,80,84,12.46
306,Pychas,RU,2021-08-09 04:06:31,56.5033,52.4409,62.06,55,40,4.12
307,General Roca,AR,2021-08-09 04:03:13,-39.0333,-67.5833,44.8,35,45,6.73
308,Tongchuan,CN,2021-08-09 04:06:31,35.0806,109.0897,87.26,38,0,5.7
309,Verkhnevilyuysk,RU,2021-08-09 04:06:32,63.4453,120.3167,82.6,39,83,8.77
310,Severo-Kurilsk,RU,2021-08-09 04:06:32,50.6789,156.125,57.18,79,52,12.68
311,Nuuk,GL,2021-08-09 04:06:32,64.1835,-51.7216,43.41,93,40,3.44
312,Tatawin,TN,2021-08-09 04:06:33,32.9297,10.4518,84.27,40,0,3.33
313,Verkhoyansk,RU,2021-08-09 04:06:33,67.5447,133.385,83.73,19,19,5.21
314,Christchurch,NZ,2021-08-09 04:02:14,-43.5333,172.6333,43.48,85,90,3.0
315,Michigan City,US,2021-08-09 04:06:34,41.7075,-86.895,79.32,79,40,6.91
316,Bacolod,PH,2021-08-09 04:06:34,10.6667,122.95,79.93,82,100,4.79
317,Acapulco,MX,2021-08-09 04:06:35,16.8634,-99.8901,78.84,86,56,6.11
318,Seryshevo,RU,2021-08-09 04:06:35,51.0933,128.3786,62.17,70,95,8.01
319,Nanortalik,GL,2021-08-09 04:06:35,60.1432,-45.2371,42.33,94,44,10.96
320,Mogadishu,SO,2021-08-09 04:06:36,2.0371,45.3438,76.51,84,98,17.56
321,Vardo,NO,2021-08-09 04:06:36,70.3705,31.1107,57.4,82,48,7.67
322,Tuatapere,NZ,2021-08-09 04:01:51,-46.1333,167.6833,44.82,94,95,6.29
323,Iqaluit,CA,2021-08-09 04:06:37,63.7506,-68.5145,46.06,72,100,20.83
324,Broome,US,2021-08-09 04:06:37,42.2506,-75.833,71.98,89,1,6.91
325,Kuusamo,FI,2021-08-09 04:06:38,65.9667,29.1833,55.44,82,90,10.36
326,Nemuro,JP,2021-08-09 04:06:38,43.3236,145.575,63.57,84,100,25.43
327,Novobirilyussy,RU,2021-08-09 04:06:38,56.9514,90.6661,75.04,57,75,0.81
328,Hualmay,PE,2021-08-09 04:06:39,-11.0964,-77.6139,61.97,82,57,12.01
329,Sinnamary,GF,2021-08-09 04:06:39,5.3833,-52.95,77.94,87,92,11.56
330,Ancud,CL,2021-08-09 04:06:40,-41.8697,-73.8203,41.23,85,13,3.29
331,Iracoubo,GF,2021-08-09 04:06:40,5.4802,-53.2011,77.27,89,99,11.86
332,Araouane,ML,2021-08-09 04:06:40,18.9048,-3.5265,92.23,31,71,12.64
333,Mosquera,CO,2021-08-09 04:02:59,4.7059,-74.2302,53.64,90,98,3.83
334,Cockburn Town,TC,2021-08-09 04:06:41,21.4612,-71.1419,82.71,77,1,18.66
335,Hit,IQ,2021-08-09 04:06:41,33.6416,42.8251,90.19,25,0,11.43
336,Nizwa,OM,2021-08-09 04:06:41,22.9333,57.5333,93.94,28,17,3.47
337,Yulara,AU,2021-08-09 04:06:42,-25.2406,130.9889,73.24,13,0,11.5
338,Slave Lake,CA,2021-08-09 04:06:43,55.2834,-114.769,56.05,71,8,4.47
339,Zhicheng,CN,2021-08-09 04:06:43,30.2956,111.5047,77.31,95,100,4.56
340,Airai,TL,2021-08-09 04:06:44,-8.9266,125.4092,72.0,54,14,2.59
341,Gat,IL,2021-08-09 04:06:44,31.61,34.7642,78.91,100,4,2.13
342,Colac,AU,2021-08-09 04:06:44,-38.3333,143.5833,58.62,59,99,10.29
343,Erzin,TR,2021-08-09 04:03:25,36.9559,36.2,81.32,77,1,1.83
344,Hami,CN,2021-08-09 04:06:45,42.8,93.45,85.98,22,100,25.19
345,Samarai,PG,2021-08-09 04:06:45,-10.6167,150.6667,79.84,77,97,12.75
346,Umm Kaddadah,SD,2021-08-09 04:06:46,13.6017,26.6876,78.64,62,91,9.46
347,Grants,US,2021-08-09 04:06:46,35.1473,-107.8514,73.63,20,1,6.91
348,Mitu,CO,2021-08-09 04:06:46,1.1983,-70.1733,71.87,98,82,0.54
349,Natal,BR,2021-08-09 04:05:40,-5.795,-35.2094,74.05,88,75,6.91
350,Puerto Penasco,MX,2021-08-09 04:06:47,31.3167,-113.5333,87.91,78,9,15.01
351,Ponta Delgada,PT,2021-08-09 04:06:47,37.7333,-25.6667,70.52,88,40,10.36
352,Krutinka,RU,2021-08-09 04:06:48,56.0055,71.5113,63.19,92,100,9.4
353,Harboore,DK,2021-08-09 04:06:48,56.6175,8.1807,57.97,89,52,16.55
354,Salalah,OM,2021-08-09 04:06:35,17.0151,54.0924,77.09,100,90,8.05
355,Elko,US,2021-08-09 04:06:49,41.0002,-115.5012,72.05,23,0,5.01
356,Cardoso,BR,2021-08-09 04:06:49,-20.0819,-49.9142,66.74,44,57,6.82
357,Ilulissat,GL,2021-08-09 04:06:50,69.2167,-51.1,42.82,87,75,4.61
358,Sao Filipe,CV,2021-08-09 04:06:50,14.8961,-24.4956,78.33,85,41,1.05
359,Progreso,MX,2021-08-09 04:06:50,21.2833,-89.6667,77.11,76,6,15.19
360,Shahreza,IR,2021-08-09 04:06:51,32.0339,51.8794,78.57,17,61,2.24
361,Ixtapa,MX,2021-08-09 04:06:51,20.7,-105.2,79.23,94,90,6.91
362,Flinders,AU,2021-08-09 04:06:51,-34.5833,150.8552,67.21,57,98,4.0
363,Ozinki,RU,2021-08-09 04:06:52,51.1786,49.6769,78.53,36,96,10.76
364,Lorengau,PG,2021-08-09 04:06:52,-2.0226,147.2712,84.67,69,20,9.73
365,Rudbar,AF,2021-08-09 04:06:53,30.15,62.6,92.21,15,0,13.13
366,San Patricio,US,2021-08-09 04:06:53,28.017,-97.5169,86.09,78,3,17.31
367,Pinillos,CO,2021-08-09 04:06:54,8.9193,-74.4677,74.43,98,84,1.45
368,Tabuk,PH,2021-08-09 04:06:54,17.4189,121.4443,90.52,57,88,4.65
369,Teguldet,RU,2021-08-09 04:06:54,57.3064,88.1667,71.64,62,100,1.3
370,Antofagasta,CL,2021-08-09 04:02:24,-23.65,-70.4,57.69,70,8,9.17
371,Husavik,IS,2021-08-09 04:06:55,66.0449,-17.3389,57.13,78,100,2.06
372,Yilan,TW,2021-08-09 04:06:55,24.757,121.753,93.31,71,41,5.14
373,Solton,RU,2021-08-09 04:06:56,52.8429,86.4787,75.99,53,99,3.42
374,Bubaque,GW,2021-08-09 04:06:56,11.2833,-15.8333,78.21,83,100,9.71
375,Bushehr,IR,2021-08-09 04:06:56,28.9684,50.8385,96.57,49,19,9.75
376,Harlingen,US,2021-08-09 04:06:57,26.1906,-97.6961,84.88,90,1,12.66
377,Sonneberg,DE,2021-08-09 04:06:57,50.35,11.1667,54.03,99,79,3.18
378,Alvaraes,BR,2021-08-09 04:06:57,-3.2208,-64.8042,73.65,90,97,2.86
379,Atmakur,IN,2021-08-09 04:06:58,15.8833,78.5833,85.95,64,97,7.76
380,Qui Nhon,VN,2021-08-09 04:06:58,13.7667,109.2333,93.63,55,98,4.61
381,Diego De Almagro,CL,2021-08-09 04:06:58,-26.3667,-70.05,48.83,50,8,2.04
382,Porto Novo,BJ,2021-08-09 04:02:31,6.4965,2.6036,74.41,92,96,7.23
383,Saint-Augustin,CA,2021-08-09 04:06:59,51.226,-58.6502,55.81,62,14,4.47
384,Zaysan,KZ,2021-08-09 04:06:59,47.4667,84.8667,88.38,16,59,5.61
385,Pietermaritzburg,ZA,2021-08-09 04:07:00,-29.6168,30.3928,60.76,18,45,5.01
386,Dunkirk,FR,2021-08-09 04:07:00,51.05,2.3667,57.09,90,99,1.01
387,Palmares Do Sul,BR,2021-08-09 04:07:00,-30.2578,-50.5097,59.92,88,0,5.73
388,San Cristobal,VE,2021-08-09 04:07:01,7.7669,-72.225,65.17,98,98,2.08
389,Aban,RU,2021-08-09 04:07:01,56.67,96.06,74.53,47,78,5.17
390,Vyazemskiy,RU,2021-08-09 04:07:01,47.5378,134.7525,57.4,92,100,7.45
391,Ola,RU,2021-08-09 04:07:02,59.5833,151.2833,63.52,57,34,4.27
392,Abu Samrah,SY,2021-08-09 04:02:51,35.3029,37.1841,76.93,62,0,13.44
393,Kindu,CD,2021-08-09 04:07:02,-2.95,25.95,68.65,81,86,2.21
394,Buchanan,LR,2021-08-09 04:07:03,5.8808,-10.0467,75.87,86,99,8.86
395,Ivanava,BY,2021-08-09 04:07:03,52.1451,25.5365,62.17,86,93,2.51
396,Visby,SE,2021-08-09 04:07:03,57.6409,18.296,63.86,94,20,8.05
397,Eldorado,BR,2021-08-09 04:07:04,-23.7869,-54.2836,64.51,53,9,6.26
398,Paita,PE,2021-08-09 04:07:04,-5.0892,-81.1144,63.91,81,5,15.32
399,Guasdualito,VE,2021-08-09 04:07:04,7.2424,-70.7324,72.64,95,99,1.63
400,San Vicente,AR,2021-08-09 04:07:05,-26.6167,-54.1333,59.22,65,49,3.22
401,Namatanai,PG,2021-08-09 04:07:05,-3.6667,152.4333,84.07,68,47,7.14
402,Bathsheba,BB,2021-08-09 04:07:06,13.2167,-59.5167,83.01,69,20,21.85
403,Barcelos,PT,2021-08-09 04:07:06,41.5388,-8.6151,59.92,86,100,1.72
404,Port Macquarie,AU,2021-08-09 04:07:07,-31.4333,152.9167,64.36,54,73,9.55
405,Goderich,CA,2021-08-09 04:07:07,43.7501,-81.7165,72.91,88,99,14.29
406,Port Blair,IN,2021-08-09 04:07:08,11.6667,92.75,85.42,75,98,12.48
407,Rodrigues Alves,BR,2021-08-09 04:07:08,-7.738,-72.6509,73.72,66,10,2.82
408,Baie-Comeau,CA,2021-08-09 04:03:20,49.2168,-68.1489,56.1,65,6,5.37
409,Kailua,US,2021-08-09 04:07:08,21.4022,-157.7394,84.18,69,40,12.66
410,Sabang,ID,2021-08-09 04:07:09,5.8933,95.3214,82.58,77,87,14.45
411,Tsovazard,AM,2021-08-09 04:07:09,40.4709,45.0588,60.85,62,6,4.23
412,Beloha,MG,2021-08-09 04:07:10,-25.1667,45.05,59.23,94,0,5.14
413,Hun,LY,2021-08-09 04:07:10,29.1268,15.9477,76.3,51,0,3.42
414,Kyabe,TD,2021-08-09 04:07:10,9.4515,18.9449,69.13,92,99,2.8
415,Namwala,ZM,2021-08-09 04:07:11,-15.7504,26.4384,56.59,48,0,4.14
416,Karratha,AU,2021-08-09 04:02:18,-20.7377,116.8463,78.35,39,2,12.77
417,Kaeo,NZ,2021-08-09 04:07:11,-35.1,173.7833,54.32,63,20,13.87
418,West Wendover,US,2021-08-09 04:07:12,40.7391,-114.0733,87.01,12,1,13.8
419,Raudeberg,NO,2021-08-09 04:02:25,61.9875,5.1352,59.2,81,15,5.79
420,Apomu,NG,2021-08-09 04:07:12,7.3333,4.1833,69.73,99,91,1.88
421,Saint-Leu,RE,2021-08-09 04:07:13,-21.15,55.2833,70.68,74,28,6.46
422,Berlevag,NO,2021-08-09 04:07:13,70.8578,29.0864,59.0,67,83,7.02
423,Nova Olinda Do Norte,BR,2021-08-09 04:07:14,-3.8881,-59.0942,76.53,58,85,1.92
424,Eirunepe,BR,2021-08-09 04:07:14,-6.6603,-69.8736,73.36,70,3,2.35
425,Sur,OM,2021-08-09 04:07:14,22.5667,59.5289,90.63,54,3,3.78
426,Puerto Escondido,MX,2021-08-09 04:07:15,15.85,-97.0667,81.43,65,90,0.0
427,Lokosovo,RU,2021-08-09 04:07:15,61.1333,74.8167,71.4,48,68,6.85
428,Mayumba,GA,2021-08-09 04:03:43,-3.432,10.6554,72.99,79,97,4.5
429,Islahiye,TR,2021-08-09 04:07:16,37.025,36.6306,69.85,71,2,4.16
430,Yingcheng,CN,2021-08-09 04:07:16,30.95,113.55,79.83,83,97,11.7
431,Shingu,JP,2021-08-09 04:07:17,33.7333,135.9833,82.9,88,83,20.27
432,Reconquista,AR,2021-08-09 04:07:17,-29.15,-59.65,65.73,61,94,17.31
433,Hermagor,AT,2021-08-09 04:07:17,46.6272,13.3672,61.99,96,46,3.11
434,Tigil,RU,2021-08-09 04:07:19,57.8,158.6667,60.76,54,44,13.69
435,Harper,LR,2021-08-09 04:07:19,4.375,-7.7169,75.2,87,99,10.29
436,Makasar,ID,2021-08-09 04:07:19,-5.14,119.4221,87.85,55,20,2.3
437,Ancona,IT,2021-08-09 04:07:20,43.55,13.1667,77.34,59,14,4.61
438,San Carlos,VE,2021-08-09 04:07:20,9.6612,-68.5827,71.82,95,29,2.86
439,Glendive,US,2021-08-09 04:03:15,47.1053,-104.7125,81.23,45,75,24.25
440,Pacifica,US,2021-08-09 04:07:21,37.6138,-122.4869,71.71,91,20,1.01
441,Ambagarh Chauki,IN,2021-08-09 04:07:21,20.7833,80.7167,86.67,64,87,9.57
442,Karpogory,RU,2021-08-09 04:07:21,64.0019,44.4451,52.99,92,100,9.42
443,North Myrtle Beach,US,2021-08-09 04:07:22,33.816,-78.68,80.1,88,1,6.91
444,Lima,PE,2021-08-09 04:06:00,-12.0432,-77.0282,61.05,77,90,8.05
445,Saint George,US,2021-08-09 04:07:22,37.1041,-113.5841,93.94,15,1,3.0
446,Yumen,CN,2021-08-09 04:07:23,40.2833,97.2,84.85,15,5,8.61
447,Jaltenango,MX,2021-08-09 04:07:23,15.8719,-92.7247,69.57,94,99,3.74
448,Normandin,CA,2021-08-09 04:07:24,48.8333,-72.5321,57.99,70,100,4.65
449,Hofn,IS,2021-08-09 04:06:03,64.2539,-15.2082,54.25,80,12,3.47
450,Constitucion,CL,2021-08-09 04:07:24,-35.3333,-72.4167,46.98,75,73,2.68
451,Tezu,IN,2021-08-09 04:07:24,27.9167,96.1667,77.95,99,100,1.9
452,Iberia,US,2021-08-09 04:07:25,29.9502,-91.7507,82.47,89,20,4.61
453,Hamilton,US,2021-08-09 04:06:35,39.1834,-84.5333,77.99,79,1,0.0
454,Teguise,ES,2021-08-09 04:03:20,29.0605,-13.564,66.42,73,40,11.5
455,Mahibadhoo,MV,2021-08-09 04:07:26,3.7833,72.9667,83.61,71,97,14.03
456,Ocana,CO,2021-08-09 04:07:26,8.2377,-73.356,64.85,89,100,4.07
457,Rawlins,US,2021-08-09 04:07:26,41.7911,-107.2387,73.29,17,1,9.22
458,Batemans Bay,AU,2021-08-09 04:07:27,-35.7167,150.1833,66.2,42,59,8.01
459,Kavaratti,IN,2021-08-09 04:07:27,10.5669,72.642,79.45,80,100,21.99
460,Markala,ML,2021-08-09 04:07:27,13.7021,-6.0659,77.86,79,72,8.43
461,Poum,NC,2021-08-09 04:07:28,-20.2333,164.0167,71.13,58,5,13.33
462,Clyde River,CA,2021-08-09 04:06:22,70.4692,-68.5914,40.82,75,100,8.97
463,Pangai,TO,2021-08-09 04:07:28,-19.8,-174.35,75.22,67,82,6.98
464,Gallup,US,2021-08-09 04:07:29,35.5281,-108.7426,75.02,22,1,1.99
465,Vanavara,RU,2021-08-09 04:07:29,60.34,102.2797,74.39,43,87,5.68
466,Fairbanks,US,2021-08-09 04:06:12,64.8378,-147.7164,59.34,92,90,6.91
467,Lisa,RO,2021-08-09 04:07:30,43.8,25.1333,66.97,49,0,5.53
468,Charleston,US,2021-08-09 04:05:15,32.7766,-79.9309,79.02,96,20,0.0
469,Tombouctou,ML,2021-08-09 04:07:30,20.0,-3.0,92.79,28,9,16.62
470,Kachiry,KZ,2021-08-09 04:07:30,53.0675,76.1036,64.74,80,100,4.97
471,Novyy Urengoy,RU,2021-08-09 04:07:31,66.0833,76.6333,66.18,50,8,17.29
472,Palmer,US,2021-08-09 04:07:31,42.1584,-72.3287,71.53,81,90,0.0
473,De Aar,ZA,2021-08-09 04:07:32,-30.6497,24.0123,40.6,75,33,6.46
474,Kahului,US,2021-08-09 04:07:08,20.8947,-156.47,80.62,65,20,21.85
475,Berdigestyakh,RU,2021-08-09 04:07:32,62.0989,126.6992,77.74,34,61,7.94
476,Buenavista,PH,2021-08-09 04:07:33,8.9769,125.4089,73.62,94,100,3.85
477,Penzance,GB,2021-08-09 04:07:33,50.1186,-5.5371,60.01,93,58,16.62
478,Mwanza,TZ,2021-08-09 04:07:34,-2.5167,32.9,70.75,52,95,4.07
479,Chichigalpa,NI,2021-08-09 04:07:34,12.5776,-87.027,75.63,75,75,6.04
480,Sao Joao Da Barra,BR,2021-08-09 04:07:34,-21.6403,-41.0511,68.25,84,0,12.59
481,Jalu,LY,2021-08-09 04:02:58,29.0331,21.5482,79.57,38,0,9.33
482,Warwick,US,2021-08-09 04:06:17,41.7001,-71.4162,72.88,88,20,0.0
483,Dunyapur,PK,2021-08-09 04:07:35,29.7995,71.7196,91.42,34,1,15.26
484,Fort Nelson,CA,2021-08-09 04:07:35,58.8053,-122.7002,63.23,74,77,1.72
485,Buenaventura,CO,2021-08-09 04:07:36,3.8801,-77.0312,74.34,94,85,1.36
486,Jacqueville,CI,2021-08-09 04:07:36,5.2052,-4.4146,75.11,89,64,13.67
487,Miandrivazo,MG,2021-08-09 04:07:37,-19.5167,45.4667,65.82,48,0,3.96
488,Mwene-Ditu,CD,2021-08-09 04:07:37,-7.0,23.45,67.1,34,65,2.8
489,Svetlyy,RU,2021-08-09 04:07:37,54.675,20.1347,57.25,87,92,8.41
490,Atambua,ID,2021-08-09 04:07:38,-9.1061,124.8925,83.39,50,9,3.4
491,Morro Bay,US,2021-08-09 04:07:38,35.3658,-120.8499,66.25,90,11,1.99
492,Lixourion,GR,2021-08-09 04:07:38,38.2019,20.4314,69.66,62,0,7.29
493,Kimbe,PG,2021-08-09 04:07:39,-5.5502,150.1429,83.41,76,61,1.88
494,High Level,CA,2021-08-09 04:07:39,58.5169,-117.136,49.6,77,87,5.1
495,Pangody,RU,2021-08-09 04:07:40,65.85,74.4859,64.54,58,3,17.31
496,Onega,RU,2021-08-09 04:07:40,63.9061,38.1404,53.73,97,100,8.57
497,Colares,PT,2021-08-09 04:07:40,38.7992,-9.4469,63.28,76,5,14.61
498,Gimbi,ET,2021-08-09 04:07:41,9.1667,35.8333,52.88,98,80,1.92
499,Ca Mau,VN,2021-08-09 04:06:47,9.1769,105.15,91.08,54,41,12.71
500,Rockland,US,2021-08-09 04:07:41,41.1668,-74.0496,70.5,87,100,4.61
501,Sambalpur,IN,2021-08-09 04:07:42,21.45,83.9667,87.03,65,35,7.54
502,Inuvik,CA,2021-08-09 04:03:13,68.3499,-133.7218,55.78,51,99,6.71
503,Sungaipenuh,ID,2021-08-09 04:07:42,-2.0833,101.3833,79.88,59,82,2.21
504,Parana,AR,2021-08-09 04:07:43,-31.732,-60.5238,50.58,96,100,14.29
505,Xuddur,SO,2021-08-09 04:07:43,4.1213,43.8894,71.33,75,100,19.06
506,Akonolinga,CM,2021-08-09 04:07:43,3.7667,12.25,66.11,97,97,2.35
507,Aubagne,FR,2021-08-09 04:07:44,43.2928,5.5707,69.58,45,0,5.77
508,Aksu,CN,2021-08-09 04:07:44,41.1231,80.2644,83.7,30,0,3.31
509,Yoichi,JP,2021-08-09 04:04:09,43.2039,140.7703,75.88,86,100,3.06
510,Amapa,BR,2021-08-09 04:07:45,1.0,-52.0,70.18,99,77,1.25
511,Makakilo City,US,2021-08-09 04:07:45,21.3469,-158.0858,82.72,59,1,9.22
512,Yetkul,RU,2021-08-09 04:07:45,54.8221,61.588,60.78,72,59,13.06
513,Novonikolsk,RU,2021-08-09 04:07:46,43.8506,131.8645,73.18,54,100,14.16
514,Vostok,RU,2021-08-09 04:07:46,46.4856,135.8833,61.92,65,100,6.31
515,Gander,CA,2021-08-09 04:07:47,48.9682,-54.5906,44.74,92,1,1.39
516,Kasaragod,IN,2021-08-09 04:07:47,12.5,75.0,81.66,76,54,3.6
517,Tototlan,MX,2021-08-09 04:07:47,20.55,-102.8,64.15,97,78,3.71
518,Nara,JP,2021-08-09 04:07:48,34.6851,135.8049,79.97,80,94,19.04
519,Baturaja,ID,2021-08-09 04:07:48,-4.1333,104.1667,91.15,48,15,4.88
520,Arica,CL,2021-08-09 04:07:49,-18.475,-70.3042,61.03,72,90,3.44
521,Oktyabrskiy,RU,2021-08-09 04:07:49,54.4815,53.471,67.08,44,8,4.72
522,Dhidhdhoo,MV,2021-08-09 04:07:50,6.8833,73.1,82.18,73,100,18.32
523,Trairi,BR,2021-08-09 04:03:47,-3.2778,-39.2689,79.79,72,49,12.41
524,Lumberton,US,2021-08-09 04:07:50,34.6182,-79.0086,78.1,86,1,4.85
525,Totoro,CO,2021-08-09 04:07:51,2.512,-76.4012,48.52,96,43,3.83
526,Imbituba,BR,2021-08-09 04:07:51,-28.24,-48.6703,64.29,93,11,9.44
527,Store Heddinge,DK,2021-08-09 04:07:52,55.3097,12.3889,60.67,85,93,13.85
528,Sabha,LY,2021-08-09 04:07:52,27.0377,14.4283,83.62,25,1,11.1
529,Taltal,CL,2021-08-09 04:07:53,-25.4,-70.4833,56.35,70,3,3.53
530,Taoudenni,ML,2021-08-09 04:07:53,22.6783,-3.9836,96.91,11,1,6.11
531,Buala,SB,2021-08-09 04:07:53,-8.145,159.5921,82.99,71,76,3.56
532,Turukhansk,RU,2021-08-09 04:07:54,65.8167,87.9833,69.04,41,8,1.48
533,Aklavik,CA,2021-08-09 04:07:54,68.2191,-135.0107,57.0,50,100,4.81
534,Cuamba,MZ,2021-08-09 04:07:54,-14.8031,36.5372,56.16,86,0,2.71
535,Juliaca,PE,2021-08-09 04:07:55,-15.5,-70.1333,43.59,74,3,4.7
536,Pajapan,MX,2021-08-09 04:07:55,18.25,-94.7,76.46,87,12,5.3
537,Bambanglipuro,ID,2021-08-09 04:07:56,-7.95,110.2833,83.79,71,36,11.12
538,Nizhneivkino,RU,2021-08-09 04:07:56,58.194,49.5214,64.18,63,100,7.45
539,Cayenne,GF,2021-08-09 04:07:57,4.9333,-52.3333,79.09,85,0,1.99
540,Mercedes,AR,2021-08-09 04:07:57,-34.6515,-59.4307,46.83,94,100,16.06
541,Savonlinna,FI,2021-08-09 04:07:57,61.8699,28.88,62.65,100,90,6.91
542,Cortez,US,2021-08-09 04:03:19,37.3489,-108.5859,69.67,41,1,9.22
543,Alice Springs,AU,2021-08-09 04:07:58,-23.7,133.8833,72.95,15,0,3.44
544,Ewa Beach,US,2021-08-09 04:06:47,21.3156,-158.0072,84.15,59,1,9.22
545,Dharchula,IN,2021-08-09 04:07:58,29.85,80.5333,74.05,92,100,1.7
546,Kiruna,SE,2021-08-09 04:07:59,67.8557,20.2251,52.72,100,90,5.75
547,Zhigansk,RU,2021-08-09 04:07:59,66.7697,123.3711,72.0,33,26,17.45
548,Loubomo,CG,2021-08-09 04:08:00,-4.1997,12.6739,63.84,95,43,2.44
549,Conceicao Da Barra,BR,2021-08-09 04:03:20,-18.5933,-39.7322,67.14,82,1,2.53
550,Sangar,RU,2021-08-09 04:08:00,63.9242,127.4739,72.45,29,81,11.95
551,Ritchie,ZA,2021-08-09 04:08:01,-29.038,24.6028,45.88,46,20,9.6
552,Erenhot,CN,2021-08-09 04:08:01,43.6475,111.9767,74.95,39,0,16.75
553,Fukue,JP,2021-08-09 04:08:01,32.6881,128.8419,82.94,75,3,12.8
554,Zabol,AF,2021-08-09 04:08:02,32.25,67.25,81.45,15,0,5.08
555,Kaseda,JP,2021-08-09 04:08:02,31.4167,130.3167,83.28,77,2,15.88
556,Sosnovoborsk,RU,2021-08-09 04:08:03,56.1325,93.3589,69.35,53,11,2.89
557,Zheleznodorozhnyy,RU,2021-08-09 04:07:39,55.7503,38.0042,66.15,73,29,1.52
558,Piacabucu,BR,2021-08-09 04:08:03,-10.4056,-36.4344,72.68,82,42,7.43
559,Komsomolskiy,UZ,2021-08-09 04:08:04,40.4272,71.7189,88.52,23,0,6.91
560,Pulandian,CN,2021-08-09 04:08:04,39.3953,121.9669,80.73,57,100,4.85
561,Alyangula,AU,2021-08-09 04:08:04,-13.8483,136.4192,79.74,64,50,11.68
562,Swan River,CA,2021-08-09 04:08:05,52.1058,-101.2676,58.86,76,92,3.15
563,North Potomac,US,2021-08-09 04:03:26,39.0829,-77.265,77.14,85,1,3.0
564,Avesta,SE,2021-08-09 04:08:05,60.1455,16.1679,56.39,97,90,3.13
565,Celestun,MX,2021-08-09 04:08:06,20.8667,-90.4,83.12,73,24,16.13
566,Russell,US,2021-08-09 04:08:06,32.3502,-85.1999,78.4,93,1,0.0
567,Surok,RU,2021-08-09 04:08:07,56.4469,48.1214,68.58,64,100,6.31
568,Sobolevo,RU,2021-08-09 04:08:07,54.4299,31.8996,61.92,77,19,4.05
569,Kalininsk,RU,2021-08-09 04:08:08,51.5,44.4758,77.59,39,100,10.33
