City_ID,City,Country,Date,Lat,Lng,Max Temp,Humidity,Cloudiness,Wind Speed,Weather Description
0,Mataura,NZ,2021-08-10 03:19:49,-46.1927,168.8643,47.48,96,100,8.99,light rain
1,Batagay-Alyta,RU,2021-08-10 03:23:49,67.8006,130.4114,76.64,25,70,7.31,broken clouds
2,Muros,ES,2021-08-10 03:23:50,42.7762,-9.0603,60.24,91,0,5.14,clear sky
3,Yar-Sale,RU,2021-08-10 03:20:19,66.8333,70.8333,56.03,71,21,13.51,few clouds
4,Osijek,HR,2021-08-10 03:23:50,45.5511,18.6939,71.42,94,0,5.75,clear sky
5,Lebu,CL,2021-08-10 03:23:50,-37.6167,-73.65,46.71,87,1,17.56,clear sky
6,Taltal,CL,2021-08-10 03:23:51,-25.4,-70.4833,58.28,77,34,4.74,scattered clouds
7,Kawalu,ID,2021-08-10 03:23:51,-7.3817,108.2082,78.15,81,96,4.12,overcast clouds
8,Qaanaaq,GL,2021-08-10 03:23:52,77.484,-69.3632,38.95,75,86,7.31,overcast clouds
9,Srednekolymsk,RU,2021-08-10 03:23:52,67.45,153.6833,78.13,30,59,9.33,broken clouds
10,Bluff,NZ,2021-08-10 03:19:45,-46.6,168.3333,47.8,86,100,21.56,overcast clouds
11,Rikitea,PF,2021-08-10 03:19:31,-23.1203,-134.9692,72.63,81,76,17.78,broken clouds
12,Warmbad,NA,2021-08-10 03:21:19,-28.45,18.7333,44.69,54,0,9.73,clear sky
13,Vaini,TO,2021-08-10 03:19:40,-21.2,-175.2,71.76,83,75,12.66,broken clouds
14,Normandin,CA,2021-08-10 03:23:53,48.8333,-72.5321,73.71,94,99,4.61,overcast clouds
15,Victor Harbor,AU,2021-08-10 03:23:53,-35.5667,138.6167,68.47,47,62,23.49,light rain
16,Dhule,IN,2021-08-10 03:23:54,20.9,74.7833,82.42,63,100,8.7,overcast clouds
17,Hobart,AU,2021-08-10 03:20:38,-42.8794,147.3294,66.22,49,40,5.01,scattered clouds
18,Pisco,PE,2021-08-10 03:23:54,-13.7,-76.2167,58.01,82,3,4.61,smoke
19,Nichinan,JP,2021-08-10 03:23:54,31.6,131.3667,88.75,56,79,7.27,broken clouds
20,Port Elizabeth,ZA,2021-08-10 03:23:55,-33.918,25.5701,52.09,66,75,8.05,broken clouds
21,Orocue,CO,2021-08-10 03:23:55,4.7912,-71.3354,75.72,88,36,2.1,scattered clouds
22,Dunedin,NZ,2021-08-10 03:22:59,-45.8742,170.5036,55.8,59,69,4.0,broken clouds
23,Ahuimanu,US,2021-08-10 03:23:56,21.4447,-157.8378,87.51,57,40,10.36,scattered clouds
24,Cape Town,ZA,2021-08-10 03:19:02,-33.9258,18.4232,47.12,93,0,1.14,clear sky
25,Provideniya,RU,2021-08-10 03:20:37,64.3833,-173.3,50.11,66,75,8.95,broken clouds
26,Acapulco,MX,2021-08-10 03:20:08,16.8634,-99.8901,78.51,85,98,6.35,overcast clouds
27,Yellowknife,CA,2021-08-10 03:23:56,62.456,-114.3525,55.92,100,75,5.75,broken clouds
28,Ushuaia,AR,2021-08-10 03:20:21,-54.8,-68.3,38.86,81,90,35.68,light rain
29,Evensk,RU,2021-08-10 03:23:57,61.95,159.2333,63.66,58,46,9.33,scattered clouds
30,San Rafael,AR,2021-08-10 03:21:27,-34.6177,-68.3301,43.0,56,0,7.14,clear sky
31,Ormara,PK,2021-08-10 03:23:57,25.2088,64.6357,80.44,82,97,11.1,overcast clouds
32,Dukat,RU,2021-08-10 03:23:58,62.55,155.55,66.85,37,50,5.57,scattered clouds
33,Berlevag,NO,2021-08-10 03:23:58,70.8578,29.0864,59.0,73,63,7.45,broken clouds
34,Severo-Kurilsk,RU,2021-08-10 03:23:59,50.6789,156.125,57.2,78,32,7.83,scattered clouds
35,Tasiilaq,GL,2021-08-10 03:23:59,65.6145,-37.6368,48.36,93,100,5.91,light rain
36,Carnarvon,AU,2021-08-10 03:24:00,-24.8667,113.6333,66.27,55,40,17.27,scattered clouds
37,Saint-Philippe,RE,2021-08-10 03:20:15,-21.3585,55.7679,66.22,80,7,4.83,clear sky
38,Kampot,KH,2021-08-10 03:24:00,10.6167,104.1833,84.25,68,38,11.27,scattered clouds
39,Geraldton,AU,2021-08-10 03:24:01,-28.7667,114.6,61.21,55,90,26.46,overcast clouds
40,Yilan,TW,2021-08-10 03:24:01,24.757,121.753,93.06,67,95,6.42,overcast clouds
41,Dharchula,IN,2021-08-10 03:24:01,29.85,80.5333,76.12,86,94,1.3,overcast clouds
42,Butaritari,KI,2021-08-10 03:24:02,3.0707,172.7902,82.99,66,25,11.54,scattered clouds
43,Avera,US,2021-08-10 03:19:49,33.194,-82.5271,82.27,65,97,4.68,overcast clouds
44,Gat,IL,2021-08-10 03:24:02,31.61,34.7642,78.4,78,0,1.12,clear sky
45,Punta Arenas,CL,2021-08-10 03:24:03,-53.15,-70.9167,41.11,81,75,37.98,light intensity shower rain
46,Albany,US,2021-08-10 03:20:05,42.6001,-73.9662,73.02,83,3,4.21,clear sky
47,Chimore,BO,2021-08-10 03:24:03,-16.9833,-65.1333,79.9,46,100,2.93,overcast clouds
48,Axim,GH,2021-08-10 03:24:04,4.8699,-2.2405,75.06,90,98,5.95,overcast clouds
49,Ancud,CL,2021-08-10 03:24:04,-41.8697,-73.8203,44.42,86,63,5.01,broken clouds
50,Jalu,LY,2021-08-10 03:24:04,29.0331,21.5482,78.76,40,0,8.21,clear sky
51,Bethel,US,2021-08-10 03:24:05,41.3712,-73.414,71.1,91,1,0.0,clear sky
52,Avarua,CK,2021-08-10 03:19:34,-21.2078,-159.775,78.85,78,20,6.91,few clouds
53,Roald,NO,2021-08-10 03:24:05,62.5833,6.1333,60.85,100,90,3.44,overcast clouds
54,Ratnagiri,IN,2021-08-10 03:24:06,16.9833,73.3,80.82,82,100,3.11,overcast clouds
55,Ponta Do Sol,PT,2021-08-10 03:24:06,32.6667,-17.1,70.72,79,24,2.15,few clouds
56,Rio Gallegos,AR,2021-08-10 03:24:07,-51.6226,-69.2181,42.85,56,40,9.22,scattered clouds
57,Cabo San Lucas,MX,2021-08-10 03:24:07,22.8909,-109.9124,85.6,88,43,16.13,scattered clouds
58,Sao Joao Da Barra,BR,2021-08-10 03:20:24,-21.6403,-41.0511,69.46,85,7,12.73,clear sky
59,Hermanus,ZA,2021-08-10 03:24:08,-34.4187,19.2345,46.9,75,0,6.87,clear sky
60,Nikolskoye,RU,2021-08-10 03:24:08,59.7035,30.7861,59.02,95,1,3.76,clear sky
61,Hungund,IN,2021-08-10 03:24:09,16.0667,76.05,76.71,78,100,13.38,overcast clouds
62,El Tigre,VE,2021-08-10 03:24:09,8.8875,-64.2454,74.84,86,100,4.56,overcast clouds
63,San Policarpo,PH,2021-08-10 03:24:09,12.1791,125.5072,81.39,79,100,5.84,overcast clouds
64,New Norfolk,AU,2021-08-10 03:19:47,-42.7826,147.0587,65.88,61,18,4.0,few clouds
65,Atuona,PF,2021-08-10 03:19:55,-9.8,-139.0333,77.99,73,24,20.74,few clouds
66,Ambon,ID,2021-08-10 03:24:10,-3.6954,128.1814,80.58,82,80,10.92,broken clouds
67,Airai,TL,2021-08-10 03:20:26,-8.9266,125.4092,75.22,45,62,2.95,broken clouds
68,Prince Rupert,CA,2021-08-10 03:24:11,54.3161,-130.3201,58.69,85,90,3.44,light rain
69,Kupang,ID,2021-08-10 03:24:11,-10.1667,123.5833,90.18,43,20,10.36,few clouds
70,Hithadhoo,MV,2021-08-10 03:19:38,-0.6,73.0833,81.39,70,76,1.3,broken clouds
71,Khorramshahr,IR,2021-08-10 03:24:12,30.4397,48.1664,93.16,24,0,13.8,clear sky
72,Souillac,MU,2021-08-10 03:24:12,-20.5167,57.5167,70.36,94,20,5.75,few clouds
73,Port Alfred,ZA,2021-08-10 03:24:12,-33.5906,26.891,55.56,71,87,14.34,light rain
74,Zhigansk,RU,2021-08-10 03:24:13,66.7697,123.3711,69.89,41,97,19.26,overcast clouds
75,Sena Madureira,BR,2021-08-10 03:24:13,-9.0656,-68.6569,77.61,49,38,1.03,scattered clouds
76,Tuktoyaktuk,CA,2021-08-10 03:19:33,69.4541,-133.0374,41.0,81,90,8.05,overcast clouds
77,Sibu,MY,2021-08-10 03:24:14,2.3,111.8167,84.51,74,40,4.61,scattered clouds
78,Novobureyskiy,RU,2021-08-10 03:24:14,49.798,129.8774,64.65,62,95,3.83,overcast clouds
79,Altay,CN,2021-08-10 03:24:15,47.8667,88.1167,70.97,46,100,10.07,light rain
80,Saint George,US,2021-08-10 03:20:18,37.1041,-113.5841,97.39,15,1,1.99,clear sky
81,San Patricio,US,2021-08-10 03:24:15,28.017,-97.5169,85.89,72,4,15.35,clear sky
82,Poum,NC,2021-08-10 03:24:15,-20.2333,164.0167,71.24,61,83,16.71,broken clouds
83,Masyaf,SY,2021-08-10 03:24:16,35.0653,36.3406,71.65,89,5,6.24,clear sky
84,Carballo,ES,2021-08-10 03:24:16,43.213,-8.691,59.86,84,0,1.41,clear sky
85,Takoradi,GH,2021-08-10 03:24:17,4.8845,-1.7554,74.5,90,95,5.59,overcast clouds
86,Palmas Bellas,PA,2021-08-10 03:24:17,9.2319,-80.0867,78.71,87,100,3.91,overcast clouds
87,Bac Lieu,VN,2021-08-10 03:24:17,9.285,105.7244,88.66,61,75,12.33,broken clouds
88,Tiksi,RU,2021-08-10 03:19:54,71.6872,128.8694,55.8,64,78,6.35,broken clouds
89,Upernavik,GL,2021-08-10 03:24:18,72.7868,-56.1549,43.09,69,70,8.68,broken clouds
90,Abu Dhabi,AE,2021-08-10 03:24:18,24.4667,54.3667,95.11,43,0,4.61,clear sky
91,Klaksvik,FO,2021-08-10 03:24:19,62.2266,-6.589,49.12,95,97,7.81,overcast clouds
92,Kapaa,US,2021-08-10 03:24:19,22.0752,-159.319,84.52,66,1,4.0,clear sky
93,Clyde River,CA,2021-08-10 03:24:20,70.4692,-68.5914,35.83,100,90,9.22,light rain
94,Port Hawkesbury,CA,2021-08-10 03:24:20,45.6169,-61.3485,61.7,98,90,1.01,overcast clouds
95,Dalbandin,PK,2021-08-10 03:24:20,28.8947,64.4101,88.21,21,0,3.74,clear sky
96,Ribeira Grande,PT,2021-08-10 03:19:49,38.5167,-28.7,71.44,84,0,3.15,clear sky
97,Dicabisagan,PH,2021-08-10 03:24:21,17.0818,122.4157,87.21,68,100,3.09,overcast clouds
98,Marawi,PH,2021-08-10 03:24:21,7.9986,124.2928,81.9,57,100,2.01,overcast clouds
99,Aketi,CD,2021-08-10 03:24:22,2.7388,23.7833,69.28,96,61,0.34,broken clouds
100,Isangel,VU,2021-08-10 03:24:22,-19.55,169.2667,75.31,57,40,9.22,scattered clouds
101,Alice Springs,AU,2021-08-10 03:24:22,-23.7,133.8833,78.35,12,0,10.36,clear sky
102,Kaitangata,NZ,2021-08-10 03:24:23,-46.2817,169.8464,48.45,87,77,11.43,broken clouds
103,Cherskiy,RU,2021-08-10 03:24:23,68.75,161.3,70.11,41,92,12.03,overcast clouds
104,Esqueda,MX,2021-08-10 03:24:25,30.7167,-109.5833,77.27,57,42,2.84,scattered clouds
105,Saldanha,ZA,2021-08-10 03:24:25,-33.0117,17.9442,41.05,72,0,8.19,clear sky
106,Zheleznodorozhnyy,RU,2021-08-10 03:24:26,55.7503,38.0042,68.52,75,8,5.17,clear sky
107,Santa Cruz Del Sur,CU,2021-08-10 03:24:26,20.7147,-77.9956,78.24,88,11,14.67,few clouds
108,Pierre,US,2021-08-10 03:24:26,44.3683,-100.351,81.05,80,1,3.0,clear sky
109,Pevek,RU,2021-08-10 03:24:27,69.7008,170.3133,43.47,69,97,7.29,overcast clouds
110,Deblin,PL,2021-08-10 03:24:28,51.5591,21.8483,58.19,66,91,2.48,overcast clouds
111,Busselton,AU,2021-08-10 03:24:28,-33.65,115.3333,46.09,73,93,27.0,overcast clouds
112,Bengkulu,ID,2021-08-10 03:24:28,-3.8004,102.2655,82.54,71,83,2.37,broken clouds
113,Tucuman,AR,2021-08-10 03:22:22,-26.8241,-65.2226,51.8,66,90,5.75,overcast clouds
114,Bredasdorp,ZA,2021-08-10 03:24:30,-34.5322,20.0403,42.12,81,0,1.14,clear sky
115,Lorengau,PG,2021-08-10 03:22:16,-2.0226,147.2712,84.47,70,15,8.9,few clouds
116,Chuy,UY,2021-08-10 03:24:30,-33.6971,-53.4616,52.59,93,99,12.26,overcast clouds
117,Carutapera,BR,2021-08-10 03:24:31,-1.195,-46.02,75.13,92,4,4.97,clear sky
118,Esperance,AU,2021-08-10 03:24:31,-33.8667,121.9,48.04,70,33,25.39,light rain
119,Manyana,BW,2021-08-10 03:24:32,-23.4,21.7167,43.47,68,3,8.52,clear sky
120,Brae,GB,2021-08-10 03:24:32,60.3964,-1.353,55.31,96,100,8.5,overcast clouds
121,Fairbanks,US,2021-08-10 03:20:36,64.8378,-147.7164,61.14,80,90,0.0,overcast clouds
122,Walvis Bay,NA,2021-08-10 03:24:34,-22.9575,14.5053,51.1,87,27,5.75,scattered clouds
123,Vao,NC,2021-08-10 03:24:34,-22.6667,167.4833,65.73,63,79,20.36,broken clouds
124,Charters Towers,AU,2021-08-10 03:19:56,-20.1,146.2667,78.04,32,0,10.47,clear sky
125,Khatanga,RU,2021-08-10 03:24:35,71.9667,102.5,69.55,41,96,6.35,overcast clouds
126,Waingapu,ID,2021-08-10 03:24:35,-9.6567,120.2641,84.06,57,7,8.39,clear sky
127,Brandon,US,2021-08-10 03:24:35,27.9378,-82.2859,80.91,91,1,1.01,clear sky
128,Qaqortoq,GL,2021-08-10 03:21:21,60.7167,-46.0333,45.1,66,7,3.51,clear sky
129,Opuwo,NA,2021-08-10 03:24:36,-18.0607,13.84,58.73,22,5,3.85,clear sky
130,Kihei,US,2021-08-10 03:24:36,20.785,-156.4656,83.46,76,40,17.27,scattered clouds
131,Mahebourg,MU,2021-08-10 03:20:01,-20.4081,57.7,70.25,94,20,5.75,few clouds
132,Ulaanbaatar,MN,2021-08-10 03:19:43,47.9077,106.8832,59.13,55,5,0.0,smoke
133,Mount Isa,AU,2021-08-10 03:24:37,-20.7333,139.5,82.17,15,0,8.05,clear sky
134,Hilo,US,2021-08-10 03:23:29,19.7297,-155.09,82.13,78,90,9.22,light rain
135,East London,ZA,2021-08-10 03:19:52,-33.0153,27.9116,56.68,59,59,13.18,broken clouds
136,Winslow,US,2021-08-10 03:24:39,35.0242,-110.6974,80.78,29,1,11.5,clear sky
137,Mandalgovi,MN,2021-08-10 03:24:39,45.7625,106.2708,66.06,38,76,2.42,broken clouds
138,Namatanai,PG,2021-08-10 03:24:39,-3.6667,152.4333,83.91,69,17,8.93,light rain
139,Tuatapere,NZ,2021-08-10 03:19:55,-46.1333,167.6833,47.82,93,100,10.85,overcast clouds
140,Khasan,RU,2021-08-10 03:24:40,42.4308,130.6434,70.84,73,87,8.57,moderate rain
141,Pimenteiras,BR,2021-08-10 03:24:40,-6.2453,-41.4192,73.81,60,5,6.64,clear sky
142,Vila Franca Do Campo,PT,2021-08-10 03:24:41,37.7167,-25.4333,68.41,81,36,2.19,scattered clouds
143,Moussoro,TD,2021-08-10 03:24:41,13.6408,16.4901,77.18,71,97,6.15,overcast clouds
144,Honningsvag,NO,2021-08-10 03:24:42,70.9821,25.9704,58.53,82,49,7.43,scattered clouds
145,Mount Gambier,AU,2021-08-10 03:24:42,-37.8333,140.7667,55.31,58,75,17.27,broken clouds
146,Antalaha,MG,2021-08-10 03:24:42,-14.9003,50.2788,64.58,88,4,5.82,clear sky
147,Quatre Cocos,MU,2021-08-10 03:24:43,-20.2078,57.7625,70.09,85,48,7.47,scattered clouds
148,Redmond,US,2021-08-10 03:24:06,47.674,-122.1215,75.11,64,62,1.01,broken clouds
149,Arraial Do Cabo,BR,2021-08-10 03:24:43,-22.9661,-42.0278,68.99,86,10,24.99,clear sky
150,Sao Filipe,CV,2021-08-10 03:19:48,14.8961,-24.4956,77.63,85,95,10.11,overcast clouds
151,Ballina,AU,2021-08-10 03:24:44,-28.8667,153.5667,69.84,56,24,11.5,few clouds
152,Talaya,RU,2021-08-10 03:24:44,61.3833,152.75,68.97,38,79,1.57,broken clouds
153,Bubaque,GW,2021-08-10 03:20:12,11.2833,-15.8333,78.48,85,100,8.86,light rain
154,Fort-Shevchenko,KZ,2021-08-10 03:24:45,44.5086,50.263,87.89,37,25,7.09,scattered clouds
155,Awash,ET,2021-08-10 03:24:45,8.9833,40.1667,69.24,83,100,4.45,light rain
156,Jutai,BR,2021-08-10 03:24:45,-5.1833,-68.9,77.18,64,14,2.59,few clouds
157,Oranjemund,NA,2021-08-10 03:24:46,-28.55,16.4333,52.21,60,0,11.3,clear sky
158,Thompson,CA,2021-08-10 03:24:46,55.7435,-97.8558,57.36,77,20,3.44,few clouds
159,Korla,CN,2021-08-10 03:24:47,41.7597,86.1469,81.09,35,5,4.7,clear sky
160,Aklavik,CA,2021-08-10 03:24:47,68.2191,-135.0107,49.03,73,100,10.56,overcast clouds
161,Hasaki,JP,2021-08-10 03:24:47,35.7333,140.8333,91.8,63,12,21.94,few clouds
162,Bundoran,IE,2021-08-10 03:24:48,54.4778,-8.2809,55.09,94,7,2.35,clear sky
163,Okhotsk,RU,2021-08-10 03:24:49,59.3833,143.3,64.62,56,22,10.02,few clouds
164,Nekhayevskiy,RU,2021-08-10 03:24:49,50.4106,41.7561,77.43,30,95,8.93,overcast clouds
165,Kanker,IN,2021-08-10 03:24:50,20.2719,81.4931,83.26,72,100,6.87,overcast clouds
166,Castro,BR,2021-08-10 03:24:50,-24.7911,-50.0119,57.76,64,14,3.4,few clouds
167,Georgetown,MY,2021-08-10 03:24:50,5.4112,100.3354,85.93,86,40,6.91,scattered clouds
168,Coquimbo,CL,2021-08-10 03:24:51,-29.9533,-71.3436,49.73,87,0,4.61,clear sky
169,Dikson,RU,2021-08-10 03:24:51,73.5069,80.5464,40.91,92,100,12.48,overcast clouds
170,Lucapa,AO,2021-08-10 03:24:52,-8.4192,20.7447,63.61,35,0,3.65,clear sky
171,Penzance,GB,2021-08-10 03:24:52,50.1186,-5.5371,58.21,91,0,9.26,clear sky
172,Santa Cruz,BO,2021-08-10 03:24:52,-17.8,-63.1667,74.66,41,20,16.11,few clouds
173,Iqaluit,CA,2021-08-10 03:24:53,63.7506,-68.5145,44.33,70,75,12.66,broken clouds
174,Bara,NG,2021-08-10 03:24:53,10.3744,10.7288,73.15,89,100,3.96,overcast clouds
175,Yerbogachen,RU,2021-08-10 03:20:12,61.2767,108.0108,73.9,41,19,8.01,few clouds
176,Menongue,AO,2021-08-10 03:24:54,-14.6585,17.691,52.92,33,0,4.72,clear sky
177,Mount Darwin,ZW,2021-08-10 03:24:54,-16.7725,31.5838,50.09,70,0,2.73,clear sky
178,Kodiak,US,2021-08-10 03:20:16,57.79,-152.4072,51.31,99,100,5.35,light rain
179,Nome,US,2021-08-10 03:24:55,64.5011,-165.4064,60.17,64,40,6.91,scattered clouds
180,Arkhara,RU,2021-08-10 03:24:55,49.4212,130.0842,62.8,68,98,2.55,overcast clouds
181,Ocos,GT,2021-08-10 03:24:56,14.5094,-92.1933,82.31,79,99,2.57,overcast clouds
182,Talnakh,RU,2021-08-10 03:24:56,69.4865,88.3972,55.96,87,98,8.61,overcast clouds
183,Lavrentiya,RU,2021-08-10 03:24:57,65.5833,-171.0,47.14,68,82,7.65,broken clouds
184,Suluq,LY,2021-08-10 03:24:58,31.6682,20.2521,77.97,63,0,9.89,clear sky
185,Tyrma,RU,2021-08-10 03:24:58,50.0833,132.1667,68.16,50,42,5.66,scattered clouds
186,Orumiyeh,IR,2021-08-10 03:24:59,37.5527,45.0761,60.35,55,0,6.91,clear sky
187,Koryazhma,RU,2021-08-10 03:24:59,61.3143,47.1691,54.93,93,91,5.46,overcast clouds
188,Sioux Lookout,CA,2021-08-10 03:21:32,50.1001,-91.917,70.18,73,26,3.62,scattered clouds
189,Laguna,US,2021-08-10 03:25:00,38.421,-121.4238,91.31,30,1,3.0,clear sky
190,Zlynka,RU,2021-08-10 03:25:00,52.4267,31.7378,62.38,94,15,6.33,few clouds
191,Salalah,OM,2021-08-10 03:25:00,17.0151,54.0924,75.29,100,90,3.44,drizzle
192,Gobabis,NA,2021-08-10 03:25:01,-22.45,18.9667,42.24,64,35,8.1,scattered clouds
193,Saskylakh,RU,2021-08-10 03:25:01,71.9167,114.0833,71.98,57,99,2.73,overcast clouds
194,Fortuna,US,2021-08-10 03:25:02,40.5982,-124.1573,59.86,67,1,1.99,clear sky
195,Kavieng,PG,2021-08-10 03:23:12,-2.5744,150.7967,84.38,68,16,7.9,few clouds
196,Tarime,TZ,2021-08-10 03:25:02,-1.35,34.3667,60.71,81,100,2.75,overcast clouds
197,Puerto Ayora,EC,2021-08-10 03:25:04,-0.7393,-90.3518,69.17,81,35,6.71,scattered clouds
198,Riyadh,SA,2021-08-10 03:23:57,24.6877,46.7219,87.85,13,0,0.0,clear sky
199,Methoni,GR,2021-08-10 03:25:05,36.8197,21.7049,79.21,67,0,11.92,clear sky
200,Paragominas,BR,2021-08-10 03:25:05,-2.9667,-47.4833,72.55,68,0,2.75,clear sky
201,Biak,ID,2021-08-10 03:25:06,-0.9131,122.8766,82.27,68,22,6.58,few clouds
202,Kokopo,PG,2021-08-10 03:25:06,-4.352,152.2633,85.59,62,1,12.12,clear sky
203,Krasnoselkup,RU,2021-08-10 03:25:07,65.7,82.4667,60.64,66,52,13.56,broken clouds
204,Jiuquan,CN,2021-08-10 03:25:07,39.7432,98.5174,78.64,19,100,6.24,overcast clouds
205,Torbay,CA,2021-08-10 03:25:07,47.6666,-52.7314,50.77,88,1,8.05,clear sky
206,Port Macquarie,AU,2021-08-10 03:20:49,-31.4333,152.9167,69.76,48,24,12.44,few clouds
207,Banjar,ID,2021-08-10 03:25:08,-8.19,114.9675,84.06,57,15,1.12,few clouds
208,Los Llanos De Aridane,ES,2021-08-10 03:25:08,28.6585,-17.9182,67.75,85,0,3.44,clear sky
209,Peniche,PT,2021-08-10 03:25:09,39.3558,-9.3811,64.29,91,0,10.87,clear sky
210,Vikulovo,RU,2021-08-10 03:25:09,56.8167,70.6107,57.15,93,100,11.01,overcast clouds
211,Panvel,IN,2021-08-10 03:25:10,18.9833,73.1,84.18,80,100,5.26,overcast clouds
212,El Campo,US,2021-08-10 03:25:10,29.1966,-96.2697,84.72,88,28,9.28,scattered clouds
213,Raul Soares,BR,2021-08-10 03:25:10,-20.1022,-42.4519,61.92,78,23,2.82,few clouds
214,Seymchan,RU,2021-08-10 03:25:11,62.8833,152.4333,74.37,35,50,7.27,scattered clouds
215,Tezu,IN,2021-08-10 03:25:11,27.9167,96.1667,77.45,99,100,1.28,overcast clouds
216,Vanimo,PG,2021-08-10 03:25:12,-2.6741,141.3028,85.05,63,11,6.51,few clouds
217,Longyearbyen,SJ,2021-08-10 03:25:12,78.2186,15.6401,39.04,93,75,3.44,fog
218,Bambous Virieux,MU,2021-08-10 03:21:08,-20.3428,57.7575,70.21,94,20,5.75,few clouds
219,Monrovia,LR,2021-08-10 03:25:13,6.3005,-10.7969,77.22,80,96,8.84,light rain
220,Mar Del Plata,AR,2021-08-10 03:25:13,-38.0023,-57.5575,41.02,87,40,3.44,scattered clouds
221,Innisfail,AU,2021-08-10 03:21:32,-17.5333,146.0333,71.01,81,99,8.55,overcast clouds
222,Portland,US,2021-08-10 03:22:15,45.5234,-122.6762,81.39,50,20,1.99,few clouds
223,Tabou,CI,2021-08-10 03:21:02,4.423,-7.3528,76.17,85,54,7.9,light rain
224,Ponnani,IN,2021-08-10 03:25:14,10.767,75.9252,74.52,85,100,1.81,overcast clouds
225,Kizukuri,JP,2021-08-10 03:25:15,40.8061,140.3861,67.05,96,100,20.29,light rain
226,Rock Sound,BS,2021-08-10 03:25:15,24.9,-76.2,83.55,73,13,16.08,few clouds
227,Gornopravdinsk,RU,2021-08-10 03:22:35,60.05,69.9,58.75,96,92,8.23,light rain
228,Morondava,MG,2021-08-10 03:25:16,-20.2833,44.2833,65.44,46,0,5.95,clear sky
229,Valparaiso,CL,2021-08-10 03:20:19,-33.0393,-71.6273,46.04,87,0,4.61,clear sky
230,Rosetta,EG,2021-08-10 03:25:16,31.4044,30.4164,80.42,74,0,7.58,clear sky
231,Nenjiang,CN,2021-08-10 03:25:16,49.1833,125.2167,62.85,79,91,11.92,overcast clouds
232,Jamestown,US,2021-08-10 03:25:17,42.097,-79.2353,77.72,73,1,8.05,clear sky
233,Bitam,GA,2021-08-10 03:25:17,2.076,11.5007,65.77,100,76,2.91,broken clouds
234,Ghanzi,BW,2021-08-10 03:25:18,-21.5667,21.7833,47.62,44,52,9.48,broken clouds
235,Sisimiut,GL,2021-08-10 03:25:19,66.9395,-53.6735,48.49,63,100,13.38,overcast clouds
236,Raybag,IN,2021-08-10 03:25:19,16.4833,74.7833,75.04,82,100,10.22,overcast clouds
237,Taylor,US,2021-08-10 03:25:20,32.3001,-99.8337,89.76,47,1,7.0,clear sky
238,Kungurtug,RU,2021-08-10 03:25:20,50.5994,97.5228,71.17,44,27,1.14,scattered clouds
239,Victoria,HK,2021-08-10 03:22:03,22.2855,114.1577,86.32,89,99,1.01,overcast clouds
240,Venice,US,2021-08-10 03:23:51,27.0998,-82.4543,81.99,95,75,1.99,broken clouds
241,Santa Fe,AR,2021-08-10 03:21:06,-31.6333,-60.7,46.02,70,90,4.0,overcast clouds
242,Hanmer Springs,NZ,2021-08-10 03:25:21,-42.5167,172.8167,48.45,72,2,5.84,clear sky
243,Russkiy Kameshkir,RU,2021-08-10 03:25:21,52.8589,46.0892,72.81,53,94,4.9,overcast clouds
244,Guerrero Negro,MX,2021-08-10 03:25:22,27.9769,-114.0611,71.58,78,0,15.75,clear sky
245,Vila Velha,BR,2021-08-10 03:25:22,-20.3297,-40.2925,67.95,94,75,2.3,broken clouds
246,Sunland Park,US,2021-08-10 03:25:22,31.7965,-106.58,88.25,33,1,5.75,clear sky
247,Canto Do Buriti,BR,2021-08-10 03:25:23,-8.11,-42.9444,77.85,47,12,9.95,few clouds
248,Tommot,RU,2021-08-10 03:25:23,58.9564,126.2925,76.98,50,84,2.98,broken clouds
249,Hualmay,PE,2021-08-10 03:25:24,-11.0964,-77.6139,62.19,84,47,9.64,scattered clouds
250,Kavaratti,IN,2021-08-10 03:22:26,10.5669,72.642,81.14,78,100,15.75,light rain
251,Erenhot,CN,2021-08-10 03:25:25,43.6475,111.9767,73.0,33,0,13.31,clear sky
252,Khandyga,RU,2021-08-10 03:25:26,62.6667,135.6,83.98,32,12,3.53,few clouds
253,Hay River,CA,2021-08-10 03:23:01,60.8156,-115.7999,64.38,52,75,4.61,broken clouds
254,Butajira,ET,2021-08-10 03:25:26,8.1167,38.3667,56.23,86,100,0.98,overcast clouds
255,San Cristobal,VE,2021-08-10 03:25:26,7.7669,-72.225,65.55,98,92,2.89,overcast clouds
256,Araouane,ML,2021-08-10 03:21:09,18.9048,-3.5265,92.77,36,8,13.58,clear sky
257,Chirongui,YT,2021-08-10 03:25:27,-12.9319,45.1483,71.53,67,0,8.01,clear sky
258,Labuhan,ID,2021-08-10 03:25:27,-6.8844,112.2051,83.68,67,52,4.61,broken clouds
259,Sorland,NO,2021-08-10 03:25:28,67.667,12.6934,55.98,91,100,8.77,light rain
260,Humboldt,US,2021-08-10 03:25:28,40.6665,-123.9178,51.06,64,2,2.35,clear sky
261,Sao Jose Da Coroa Grande,BR,2021-08-10 03:25:30,-8.8978,-35.1478,73.4,92,64,8.99,broken clouds
262,Ilulissat,GL,2021-08-10 03:25:30,69.2167,-51.1,48.22,40,20,19.57,few clouds
263,Egvekinot,RU,2021-08-10 03:25:30,66.3167,-179.1667,52.32,51,89,3.74,overcast clouds
264,Astoria,US,2021-08-10 03:25:31,46.1879,-123.8313,73.98,80,1,1.01,clear sky
265,Mustasaari,FI,2021-08-10 03:25:31,63.1142,21.6822,58.95,100,0,5.75,clear sky
266,Coahuayana,MX,2021-08-10 03:25:32,18.7333,-103.6833,76.66,93,100,2.19,overcast clouds
267,Barrow,US,2021-08-10 03:25:32,71.2906,-156.7887,39.22,81,90,4.61,overcast clouds
268,Kharovsk,RU,2021-08-10 03:25:33,59.9642,40.1912,62.08,86,5,2.66,clear sky
269,Kwinana,AU,2021-08-10 03:25:33,-32.25,115.7667,55.54,78,100,1.01,light rain
270,Qunduz,AF,2021-08-10 03:25:34,36.729,68.857,90.72,13,0,4.68,clear sky
271,Krosno Odrzanskie,PL,2021-08-10 03:25:34,52.0549,15.0988,57.78,77,27,3.8,scattered clouds
272,Taboga,IT,2021-08-10 03:25:34,46.2663,13.1092,69.42,77,10,7.87,clear sky
273,Sao Caetano De Odivelas,BR,2021-08-10 03:25:35,-0.75,-48.02,73.9,90,11,5.19,few clouds
274,Rawson,AR,2021-08-10 03:25:35,-43.3002,-65.1023,47.41,44,1,4.27,clear sky
275,Ponta Delgada,PT,2021-08-10 03:25:36,37.7333,-25.6667,68.72,94,40,2.3,scattered clouds
276,Pangnirtung,CA,2021-08-10 03:25:36,66.1451,-65.7125,42.13,98,100,7.67,light rain
277,Kyren,RU,2021-08-10 03:25:37,51.6828,102.1408,70.23,62,64,1.54,broken clouds
278,Wukari,NG,2021-08-10 03:25:37,7.85,9.7833,70.65,94,100,4.76,light rain
279,Grand Gaube,MU,2021-08-10 03:25:37,-20.0064,57.6608,70.38,81,22,10.31,few clouds
280,Comodoro Rivadavia,AR,2021-08-10 03:25:38,-45.8667,-67.5,49.86,27,0,9.22,clear sky
281,Warragul,AU,2021-08-10 03:25:38,-38.1667,145.9333,63.32,44,22,7.45,few clouds
282,Nueva Concepcion,GT,2021-08-10 03:25:39,14.2,-91.3,80.76,92,100,5.26,overcast clouds
283,Itarema,BR,2021-08-10 03:22:26,-2.9248,-39.9167,79.27,78,8,15.39,clear sky
284,Bonavista,CA,2021-08-10 03:25:39,48.6499,-53.1147,56.12,81,6,13.38,clear sky
285,Barberton,ZA,2021-08-10 03:25:40,-25.7884,31.0532,55.45,76,100,4.9,light rain
286,Sulina,RO,2021-08-10 03:25:40,45.1559,29.6536,73.0,69,5,10.13,clear sky
287,Te Anau,NZ,2021-08-10 03:25:40,-45.4167,167.7167,44.65,95,100,4.18,heavy intensity rain
288,Svetlyy,RU,2021-08-10 03:25:41,54.675,20.1347,57.25,71,69,7.76,broken clouds
289,Dabeiba,CO,2021-08-10 03:25:41,7.0017,-76.2672,73.71,99,100,0.43,overcast clouds
290,Bardiyah,LY,2021-08-10 03:25:41,31.7561,25.0865,77.86,82,0,13.6,clear sky
291,Ulaangom,MN,2021-08-10 03:25:42,49.9811,92.0667,70.05,56,77,4.88,broken clouds
292,Oxford,GB,2021-08-10 03:25:42,51.7522,-1.256,57.79,98,22,6.69,few clouds
293,Olafsvik,IS,2021-08-10 03:25:43,64.8945,-23.7142,56.3,77,100,8.79,overcast clouds
294,Conde,BR,2021-08-10 03:25:43,-7.2597,-34.9075,71.06,100,75,9.22,broken clouds
295,Wanning,CN,2021-08-10 03:25:43,18.8003,110.3967,90.03,64,100,11.25,overcast clouds
296,Port Augusta,AU,2021-08-10 03:25:44,-32.5,137.7667,73.54,25,8,24.34,clear sky
297,Beringovskiy,RU,2021-08-10 03:25:44,63.05,179.3167,46.78,79,84,5.59,broken clouds
298,Domoni,KM,2021-08-10 03:25:44,-12.2569,44.5319,72.86,73,0,5.39,clear sky
299,Ryotsu,JP,2021-08-10 03:25:45,38.0833,138.4333,76.96,82,100,27.42,overcast clouds
300,Aksarka,RU,2021-08-10 03:25:45,66.5606,67.7975,56.93,67,4,10.31,clear sky
301,Puerto Escondido,MX,2021-08-10 03:21:21,15.85,-97.0667,83.23,65,75,8.05,broken clouds
302,Zelenchukskaya,RU,2021-08-10 03:25:46,43.858,41.5894,60.85,88,77,4.74,broken clouds
303,Chokurdakh,RU,2021-08-10 03:25:46,70.6333,147.9167,68.56,40,95,9.75,overcast clouds
304,Hambantota,LK,2021-08-10 03:25:47,6.1241,81.1185,86.34,70,20,12.66,few clouds
305,Niceville,US,2021-08-10 03:25:47,30.5169,-86.4822,85.91,85,1,0.0,clear sky
306,Meulaboh,ID,2021-08-10 03:25:47,4.1363,96.1285,78.12,89,99,3.78,overcast clouds
307,Baherden,TM,2021-08-10 03:25:48,38.4362,57.4316,86.47,13,0,5.82,clear sky
308,Luganville,VU,2021-08-10 03:25:48,-15.5333,167.1667,74.97,82,100,18.54,overcast clouds
309,Oparino,RU,2021-08-10 03:25:49,59.8518,48.2783,56.3,87,98,5.08,overcast clouds
310,Agadir,MA,2021-08-10 03:22:46,30.4202,-9.5982,64.85,87,3,3.76,clear sky
311,Vardo,NO,2021-08-10 03:22:05,70.3705,31.1107,61.0,86,60,7.9,broken clouds
312,Itaueira,BR,2021-08-10 03:25:51,-7.6033,-43.0256,78.4,45,48,9.66,scattered clouds
313,Nizwa,OM,2021-08-10 03:25:51,22.9333,57.5333,90.21,39,76,1.5,broken clouds
314,Hirtshals,DK,2021-08-10 03:25:51,57.5881,9.9592,53.85,89,97,7.92,overcast clouds
315,Sarlat-La-Caneda,FR,2021-08-10 03:25:52,44.889,1.2166,59.65,95,36,2.8,scattered clouds
316,Ewa Beach,US,2021-08-10 03:25:52,21.3156,-158.0072,87.75,48,1,5.75,clear sky
317,Faya,SA,2021-08-10 03:25:53,18.3851,42.4509,69.91,40,57,4.41,broken clouds
318,San Jeronimo,PE,2021-08-10 03:25:53,-11.9472,-75.2829,49.37,73,43,3.87,scattered clouds
319,Rocha,UY,2021-08-10 03:25:53,-34.4833,-54.3333,49.6,95,100,12.06,overcast clouds
320,Port-Gentil,GA,2021-08-10 03:25:54,-0.7193,8.7815,75.81,82,79,10.74,broken clouds
321,Bilibino,RU,2021-08-10 03:25:54,68.0546,166.4372,65.25,39,100,12.88,overcast clouds
322,At-Bashi,KG,2021-08-10 03:25:55,41.1702,75.8106,66.61,29,0,1.83,clear sky
323,Rapid City,US,2021-08-10 03:25:55,44.0805,-103.231,73.29,44,1,5.99,clear sky
324,Kahului,US,2021-08-10 03:25:56,20.8947,-156.47,83.46,76,40,17.27,scattered clouds
325,Finnsnes,NO,2021-08-10 03:25:56,69.2296,17.9811,57.16,96,100,2.33,overcast clouds
326,Katobu,ID,2021-08-10 03:25:56,-4.9408,122.5276,85.21,63,39,6.04,scattered clouds
327,Kruisfontein,ZA,2021-08-10 03:25:57,-34.0033,24.7314,46.11,65,6,7.74,clear sky
328,Dudinka,RU,2021-08-10 03:25:58,69.4058,86.1778,57.79,71,35,11.43,scattered clouds
329,Kieta,PG,2021-08-10 03:25:58,-6.2167,155.6333,84.33,68,5,6.06,clear sky
330,Padre Bernardo,BR,2021-08-10 03:25:59,-15.35,-48.5,66.78,48,63,2.21,broken clouds
331,Buchanan,LR,2021-08-10 03:25:59,5.8808,-10.0467,75.24,87,99,5.53,light rain
332,Vestmanna,FO,2021-08-10 03:26:00,62.1564,-7.1664,47.32,100,90,4.61,overcast clouds
333,Presidente Medici,BR,2021-08-10 03:26:00,-11.1753,-61.9014,80.08,39,48,2.71,scattered clouds
334,Kamwenge,UG,2021-08-10 03:26:01,0.1866,30.4539,62.82,89,85,1.54,overcast clouds
335,Cap Malheureux,MU,2021-08-10 03:26:01,-19.9842,57.6142,70.47,81,19,10.49,few clouds
336,Port Hardy,CA,2021-08-10 03:26:02,50.6996,-127.4199,60.98,82,75,0.0,broken clouds
337,Inirida,CO,2021-08-10 03:26:02,3.8653,-67.9239,75.15,81,53,2.55,broken clouds
338,Westport,US,2021-08-10 03:26:02,41.1415,-73.3579,73.26,96,1,0.0,clear sky
339,Hita,JP,2021-08-10 03:26:03,33.3167,130.9333,84.99,73,96,4.38,overcast clouds
340,Awjilah,LY,2021-08-10 03:26:03,29.1081,21.2869,79.16,40,0,8.55,clear sky
341,Boyolangu,ID,2021-08-10 03:26:04,-8.1181,111.8935,81.37,69,79,11.34,broken clouds
342,Eunice,US,2021-08-10 03:26:04,30.4944,-92.4176,82.87,90,98,7.38,overcast clouds
343,Hamilton,US,2021-08-10 03:24:13,39.1834,-84.5333,73.99,91,1,1.01,clear sky
344,Gizo,SB,2021-08-10 03:26:05,-8.103,156.8419,83.28,69,9,5.5,clear sky
345,Miyako,JP,2021-08-10 03:26:05,39.6367,141.9525,79.05,94,100,4.56,overcast clouds
346,Saldana,CO,2021-08-10 03:26:06,3.9292,-75.0152,79.79,63,78,2.75,broken clouds
347,Teknaf,BD,2021-08-10 03:26:06,20.8624,92.3058,84.36,78,41,3.36,scattered clouds
348,Keshod,IN,2021-08-10 03:26:06,21.3,70.25,81.54,72,100,8.25,overcast clouds
349,Xining,CN,2021-08-10 03:26:07,36.6167,101.7667,60.1,77,100,2.24,overcast clouds
350,Praia Da Vitoria,PT,2021-08-10 03:26:07,38.7333,-27.0667,71.85,83,75,5.3,broken clouds
351,Coihaique,CL,2021-08-10 03:26:07,-45.5752,-72.0662,30.15,86,0,2.3,clear sky
352,Gelemso,ET,2021-08-10 03:26:08,8.8167,40.5167,59.9,89,100,1.19,light rain
353,Ornes,NO,2021-08-10 03:26:08,66.8689,13.7078,59.11,92,100,2.8,overcast clouds
354,Kampene,CD,2021-08-10 03:26:09,-3.6,26.6667,67.28,90,64,1.7,light rain
355,Henties Bay,NA,2021-08-10 03:26:09,-22.116,14.2845,50.86,90,15,4.52,few clouds
356,Absam,AT,2021-08-10 03:26:10,47.3,11.5,58.5,94,75,4.61,broken clouds
357,Eldorado,BR,2021-08-10 03:22:22,-23.7869,-54.2836,70.95,43,63,3.4,broken clouds
358,Emerald,AU,2021-08-10 03:26:10,-23.5333,148.1667,62.74,94,90,11.5,overcast clouds
359,Baker City,US,2021-08-10 03:26:10,44.7749,-117.8344,73.18,43,1,5.75,clear sky
360,Belmonte,BR,2021-08-10 03:26:11,-15.8631,-38.8828,70.3,84,89,5.23,overcast clouds
361,Broome,US,2021-08-10 03:26:11,42.2506,-75.833,73.78,92,1,3.0,clear sky
362,Palmas De Monte Alto,BR,2021-08-10 03:26:12,-14.2672,-43.1619,70.99,56,100,7.16,overcast clouds
363,The Pas,CA,2021-08-10 03:26:12,53.8251,-101.2541,60.82,94,90,6.17,overcast clouds
364,Leshukonskoye,RU,2021-08-10 03:26:12,64.8989,45.7622,55.33,75,93,6.93,overcast clouds
365,Oktyabrskoye,RU,2021-08-10 03:26:13,43.0645,44.7417,62.74,94,14,2.24,few clouds
366,Hobyo,SO,2021-08-10 03:26:13,5.3505,48.5268,76.05,85,23,19.84,few clouds
367,Katherine,AU,2021-08-10 03:26:14,-14.4667,132.2667,89.92,31,6,13.8,clear sky
368,Satu Mare,RO,2021-08-10 03:26:14,47.8,22.8833,63.27,94,8,3.44,fog
369,Neiafu,TO,2021-08-10 03:26:14,-18.65,-173.9833,75.88,78,75,5.75,broken clouds
370,Tateyama,JP,2021-08-10 03:26:15,34.9833,139.8667,91.42,65,20,25.32,few clouds
371,Kununurra,AU,2021-08-10 03:26:15,-15.7667,128.7333,87.78,18,26,9.22,scattered clouds
372,Sechura,PE,2021-08-10 03:26:16,-5.5569,-80.8222,64.76,77,68,17.07,broken clouds
373,Leh,IN,2021-08-10 03:26:16,34.1667,77.5833,57.78,59,66,5.06,broken clouds
374,Sanand,IN,2021-08-10 03:26:16,22.9833,72.3833,84.42,59,100,9.51,overcast clouds
375,Anadyr,RU,2021-08-10 03:26:17,64.75,177.4833,57.7,58,20,6.71,few clouds
376,Dingle,PH,2021-08-10 03:26:17,10.9995,122.6711,75.63,91,100,2.1,moderate rain
377,Progreso,MX,2021-08-10 03:26:18,21.2833,-89.6667,82.51,78,0,15.08,clear sky
378,Chumikan,RU,2021-08-10 03:21:29,54.7183,135.315,59.34,64,25,11.23,scattered clouds
379,Clonakilty,IE,2021-08-10 03:26:18,51.6231,-8.8706,56.41,90,3,5.21,clear sky
380,Santa Marta,CO,2021-08-10 03:25:37,11.2408,-74.199,84.25,65,40,8.05,scattered clouds
381,Kloulklubed,PW,2021-08-10 03:26:19,7.0419,134.2556,82.9,70,25,7.9,scattered clouds
382,Norman Wells,CA,2021-08-10 03:26:17,65.282,-126.8329,51.84,93,75,10.36,broken clouds
383,Nanortalik,GL,2021-08-10 03:26:20,60.1432,-45.2371,44.82,73,0,3.15,clear sky
384,Chapais,CA,2021-08-10 03:26:20,49.7834,-74.8492,64.18,97,100,5.59,overcast clouds
385,Mahibadhoo,MV,2021-08-10 03:26:21,3.7833,72.9667,82.72,71,99,13.09,overcast clouds
386,Strezhevoy,RU,2021-08-10 03:26:21,60.7333,77.5889,60.78,59,100,5.91,overcast clouds
387,Lompoc,US,2021-08-10 03:26:22,34.6391,-120.4579,68.77,87,90,8.05,mist
388,Kaiyuan,CN,2021-08-10 03:26:22,23.6977,103.3037,71.87,90,100,2.59,overcast clouds
389,Makurdi,NG,2021-08-10 03:26:23,7.7411,8.5121,71.69,97,100,3.56,overcast clouds
390,Rylsk,RU,2021-08-10 03:26:23,51.5655,34.6822,68.76,62,100,5.01,overcast clouds
391,Pontianak,ID,2021-08-10 03:26:23,-0.0333,109.3333,87.78,70,75,6.91,broken clouds
392,Beisfjord,NO,2021-08-10 03:26:24,68.3751,17.5988,61.05,93,100,4.03,light rain
393,Aloleng,PH,2021-08-10 03:26:24,16.1307,119.7824,84.09,75,100,10.18,overcast clouds
394,Anito,PH,2021-08-10 03:26:25,12.4497,125.2886,78.3,89,100,7.78,overcast clouds
395,Kazachinskoye,RU,2021-08-10 03:26:25,57.6953,93.2761,68.68,72,99,3.38,overcast clouds
396,Linjiang,CN,2021-08-10 03:26:25,41.8069,126.9078,77.94,71,100,3.13,overcast clouds
397,Aktash,RU,2021-08-10 03:26:26,50.3,87.7333,52.95,64,100,3.0,overcast clouds
398,Palembang,ID,2021-08-10 03:26:26,-2.9167,104.7458,87.89,66,40,6.91,scattered clouds
399,Bayji,IQ,2021-08-10 03:26:26,34.9311,43.487,86.27,33,0,7.45,clear sky
400,Majene,ID,2021-08-10 03:26:27,-3.5403,118.9707,84.47,66,64,10.51,broken clouds
401,Calbuco,CL,2021-08-10 03:26:27,-41.768,-73.1273,43.81,72,24,15.57,few clouds
402,Baksheyevo,RU,2021-08-10 03:26:27,55.7086,39.8767,65.7,72,10,4.9,clear sky
403,Hovd,MN,2021-08-10 03:21:33,48.0056,91.6419,73.74,28,91,2.68,overcast clouds
404,Raudeberg,NO,2021-08-10 03:26:28,61.9875,5.1352,57.2,94,100,9.13,overcast clouds
405,Naze,JP,2021-08-10 03:26:28,28.3667,129.4833,85.12,83,30,11.52,scattered clouds
406,Caala,AO,2021-08-10 03:26:29,-12.8525,15.5606,53.91,26,0,0.49,clear sky
407,Telhara,IN,2021-08-10 03:26:29,21.0269,76.8389,80.11,73,100,11.56,light rain
408,Jabinyanah,TN,2021-08-10 03:26:30,35.035,10.9081,78.6,71,0,4.41,clear sky
409,High Rock,BS,2021-08-10 03:26:30,26.6208,-78.2833,80.62,73,13,11.79,few clouds
410,Parchim,DE,2021-08-10 03:26:30,53.4263,11.8488,57.7,94,87,6.85,overcast clouds
411,Akhtubinsk,RU,2021-08-10 03:26:31,48.2795,46.1722,82.38,18,99,12.1,overcast clouds
412,Blagoyevo,RU,2021-08-10 03:26:31,63.3667,47.9167,52.77,78,33,5.28,scattered clouds
413,Iralaya,HN,2021-08-10 03:26:32,15.0,-83.2333,79.84,81,44,8.7,scattered clouds
414,Marystown,CA,2021-08-10 03:26:32,47.1666,-55.1483,52.97,82,0,5.35,clear sky
415,Sim,RU,2021-08-10 03:26:32,54.993,57.6982,64.53,60,89,1.05,overcast clouds
416,Kodinsk,RU,2021-08-10 03:26:33,58.6881,99.1844,75.7,45,10,3.24,clear sky
417,Eisiskes,LT,2021-08-10 03:26:33,54.1667,25.0,55.18,90,40,2.66,scattered clouds
418,Port Blair,IN,2021-08-10 03:26:34,11.6667,92.75,84.58,76,94,13.6,overcast clouds
419,Ongandjera,NA,2021-08-10 03:26:34,-17.8833,15.0667,58.87,21,1,7.18,clear sky
420,Muisne,EC,2021-08-10 03:26:35,0.6,-80.0333,74.41,86,100,8.7,overcast clouds
421,Zile,TR,2021-08-10 03:26:35,40.3031,35.8864,63.72,92,11,1.34,few clouds
422,Kindu,CD,2021-08-10 03:26:35,-2.95,25.95,68.29,90,58,2.26,broken clouds
423,Lasa,IT,2021-08-10 03:26:36,46.6166,10.7002,58.08,80,28,2.82,scattered clouds
424,Port Lincoln,AU,2021-08-10 03:23:55,-34.7333,135.8667,67.48,40,19,25.32,few clouds
425,Huntington,US,2021-08-10 03:26:36,38.4193,-82.4452,72.5,93,1,3.44,clear sky
426,Owo,NG,2021-08-10 03:26:37,7.1962,5.5868,69.22,99,100,2.39,overcast clouds
427,Jaciara,BR,2021-08-10 03:26:37,-15.9653,-54.9683,74.05,38,25,3.09,scattered clouds
428,Surt,LY,2021-08-10 03:26:38,31.2089,16.5887,79.32,74,0,4.56,clear sky
429,Tromso,NO,2021-08-10 03:26:38,69.6496,18.957,57.22,94,75,4.61,light intensity drizzle
430,Montbrison,FR,2021-08-10 03:26:39,45.6667,4.0833,57.06,84,90,2.73,overcast clouds
431,Komsomolskiy,UZ,2021-08-10 03:26:39,40.4272,71.7189,81.32,21,4,4.61,clear sky
432,Gonbad-E Qabus,IR,2021-08-10 03:26:39,37.25,55.1672,79.75,21,1,2.01,clear sky
433,Goderich,CA,2021-08-10 03:26:40,43.7501,-81.7165,77.32,73,61,6.91,broken clouds
434,Staroye Drozhzhanoye,RU,2021-08-10 03:26:40,54.7266,47.5677,72.09,59,57,2.55,light rain
435,Oum Hadjer,TD,2021-08-10 03:26:41,13.2954,19.6966,73.99,81,100,3.94,overcast clouds
436,Luderitz,NA,2021-08-10 03:26:41,-26.6481,15.1594,56.71,55,0,8.68,clear sky
437,Mugur-Aksy,RU,2021-08-10 03:26:41,50.35,90.5,63.05,50,99,6.15,light rain
438,Bintulu,MY,2021-08-10 03:26:42,3.1667,113.0333,75.61,94,40,4.61,moderate rain
439,Ust-Nera,RU,2021-08-10 03:26:42,64.5667,143.2,79.36,33,43,4.12,scattered clouds
440,Flinders,AU,2021-08-10 03:26:42,-34.5833,150.8552,71.2,53,23,5.01,few clouds
441,Pontes E Lacerda,BR,2021-08-10 03:26:43,-15.2261,-59.3353,75.56,42,68,0.87,broken clouds
442,Viseu,PT,2021-08-10 03:26:43,40.661,-7.9097,60.69,79,0,2.42,clear sky
443,Adamas,GR,2021-08-10 03:26:44,36.7333,24.4333,78.22,70,0,10.13,clear sky
444,Baoning,CN,2021-08-10 03:26:45,25.3378,110.026,87.66,74,75,8.95,broken clouds
445,Pachalum,GT,2021-08-10 03:26:45,14.9247,-90.6628,69.22,95,95,2.71,overcast clouds
446,Auki,SB,2021-08-10 03:26:45,-8.7676,160.7034,81.57,80,30,4.54,scattered clouds
447,Kirsanov,RU,2021-08-10 03:26:46,52.6549,42.7224,74.39,45,100,5.75,light rain
448,Sapele,NG,2021-08-10 03:26:46,5.8941,5.6767,73.33,95,100,2.95,light rain
449,Uyskoye,RU,2021-08-10 03:26:47,54.3775,60.0047,63.21,48,56,3.15,broken clouds
450,Skjervoy,NO,2021-08-10 03:26:47,70.0311,20.9714,55.78,85,92,10.38,overcast clouds
451,Dawlatabad,AF,2021-08-10 03:26:47,36.4141,64.9053,81.37,17,0,6.78,clear sky
452,Suifenhe,CN,2021-08-10 03:26:48,44.4,131.1667,66.94,66,100,4.76,overcast clouds
453,Shouguang,CN,2021-08-10 03:26:48,36.88,118.7375,90.18,55,42,2.46,scattered clouds
454,Qujing,CN,2021-08-10 03:26:49,25.4833,103.7833,69.64,80,100,0.87,overcast clouds
455,Launceston,AU,2021-08-10 03:26:49,-41.45,147.1667,59.61,69,40,8.99,scattered clouds
456,Verkhnevilyuysk,RU,2021-08-10 03:26:50,63.4453,120.3167,69.22,78,99,4.21,overcast clouds
457,Cap-Aux-Meules,CA,2021-08-10 03:26:50,47.3821,-61.8597,60.82,88,18,4.61,few clouds
458,Korcula,HR,2021-08-10 03:26:51,42.9622,17.1369,70.36,64,74,4.21,broken clouds
459,Foz,ES,2021-08-10 03:26:51,43.5692,-7.2544,60.08,89,2,3.0,clear sky
460,Lagoa,PT,2021-08-10 03:26:51,39.05,-27.9833,70.56,84,66,7.2,broken clouds
461,Faanui,PF,2021-08-10 03:26:52,-16.4833,-151.75,79.16,72,0,15.43,clear sky
462,Yarada,IN,2021-08-10 03:26:52,17.65,83.2667,89.92,74,75,12.66,mist
463,Bell Ville,AR,2021-08-10 03:26:53,-32.6259,-62.6887,34.66,72,2,5.64,clear sky
464,Sherman,US,2021-08-10 03:23:34,33.6357,-96.6089,88.95,66,1,16.11,clear sky
465,Husavik,IS,2021-08-10 03:26:53,66.0449,-17.3389,46.31,73,73,0.56,broken clouds
466,Kasane,BW,2021-08-10 03:26:53,-17.8167,25.15,57.0,36,0,4.27,clear sky
467,Grindavik,IS,2021-08-10 03:26:54,63.8424,-22.4338,55.35,93,0,12.66,clear sky
468,Katakwi,UG,2021-08-10 03:26:54,1.8911,33.9661,62.29,96,74,1.45,light rain
469,Taoudenni,ML,2021-08-10 03:26:55,22.6783,-3.9836,94.28,21,0,4.7,clear sky
470,Banamba,ML,2021-08-10 03:26:55,13.55,-7.45,75.9,84,17,7.78,few clouds
471,College,US,2021-08-10 03:26:56,64.8569,-147.8028,61.12,80,75,3.44,broken clouds
472,Tyukalinsk,RU,2021-08-10 03:26:56,55.8732,72.1967,59.95,93,100,12.41,overcast clouds
473,Porto Novo,BJ,2021-08-10 03:26:56,6.4965,2.6036,75.02,91,95,6.04,overcast clouds
474,Yashkul,RU,2021-08-10 03:26:57,46.1711,45.3435,80.8,60,42,6.91,light rain
475,Jumilla,ES,2021-08-10 03:26:57,38.4792,-1.325,70.81,75,3,3.42,clear sky
476,Saint-Paul,RE,2021-08-10 03:26:58,-21.0096,55.2707,67.73,82,2,4.14,clear sky
477,Ondangwa,NA,2021-08-10 03:21:59,-17.9167,15.95,57.2,30,1,3.44,clear sky
478,Saint-Pierre,RE,2021-08-10 03:26:58,-21.3393,55.4781,67.28,78,0,4.61,clear sky
479,Troitskoye,RU,2021-08-10 03:26:58,52.9821,84.6757,65.91,72,100,13.29,overcast clouds
480,Nyrany,CZ,2021-08-10 03:26:59,49.7114,13.2119,54.41,99,0,0.0,clear sky
481,Mocuba,MZ,2021-08-10 03:26:59,-16.8392,36.9856,58.86,96,0,2.13,clear sky
482,Kupino,RU,2021-08-10 03:27:00,54.3663,77.2981,65.5,85,78,11.32,broken clouds
483,Capinzal,BR,2021-08-10 03:27:00,-27.3436,-51.6119,63.0,71,57,1.74,broken clouds
484,Pinega,RU,2021-08-10 03:27:00,64.7001,43.3936,55.74,93,100,6.89,overcast clouds
485,Santa Maria,BR,2021-08-10 03:24:20,-29.6842,-53.8069,60.1,94,90,12.66,mist
486,Road Town,VG,2021-08-10 03:27:01,18.4167,-64.6167,80.2,74,89,20.31,overcast clouds
487,Ailigandi,PA,2021-08-10 03:27:01,9.2333,-78.0167,80.31,85,100,7.29,overcast clouds
488,Barra,BR,2021-08-10 03:27:02,-11.0894,-43.1417,72.07,65,5,9.44,clear sky
489,Cavalcante,BR,2021-08-10 03:27:02,-13.7975,-47.4583,66.72,49,11,4.72,few clouds
490,Tacuarembo,UY,2021-08-10 03:27:02,-31.7333,-55.9833,50.31,96,100,11.68,overcast clouds
491,Nizhniy Odes,RU,2021-08-10 03:27:03,63.6445,54.856,53.64,78,1,4.41,clear sky
492,Macapa,BR,2021-08-10 03:27:04,0.0389,-51.0664,78.78,100,75,0.0,broken clouds
493,Jining,CN,2021-08-10 03:27:04,35.405,116.5814,84.13,71,100,6.08,overcast clouds
494,Mareeba,AU,2021-08-10 03:27:05,-17.0,145.4333,71.44,78,75,9.13,broken clouds
495,Waipawa,NZ,2021-08-10 03:23:09,-41.4122,175.5153,54.23,56,37,6.87,scattered clouds
496,Larsnes,NO,2021-08-10 03:27:05,62.2028,5.5773,58.86,93,93,7.4,overcast clouds
497,Bahia Honda,CU,2021-08-10 03:27:06,22.9036,-83.1592,78.87,86,33,8.86,scattered clouds
498,Aswan,EG,2021-08-10 03:27:06,24.0934,32.907,85.3,28,0,11.5,clear sky
499,Caborca,MX,2021-08-10 03:27:07,30.5838,-111.101,83.55,56,48,0.25,scattered clouds
500,Sohagpur,IN,2021-08-10 03:27:07,22.7,78.2,78.71,88,92,9.6,overcast clouds
501,Fuling,CN,2021-08-10 03:27:08,29.7022,107.3919,78.89,96,100,2.13,overcast clouds
502,Lapithos,CY,2021-08-10 03:27:08,35.3375,33.1792,85.93,70,0,12.55,clear sky
503,Ostrovnoy,RU,2021-08-10 03:27:09,68.0531,39.5131,56.68,87,100,9.75,overcast clouds
504,Liverpool,GB,2021-08-10 03:27:09,53.4106,-2.9779,60.51,78,90,4.85,overcast clouds
505,Necochea,AR,2021-08-10 03:27:09,-38.5473,-58.7368,39.06,72,97,6.06,overcast clouds
506,Candolim,IN,2021-08-10 03:27:10,15.5181,73.7626,80.67,81,100,5.06,overcast clouds
507,Wanaka,NZ,2021-08-10 03:27:10,-44.7,169.15,50.67,63,63,4.68,moderate rain
508,Havre-Saint-Pierre,CA,2021-08-10 03:27:11,50.2334,-63.5986,59.36,82,90,2.3,overcast clouds
509,Carbondale,US,2021-08-10 03:24:43,37.7273,-89.2168,84.09,81,1,10.36,clear sky
510,General Roca,AR,2021-08-10 03:27:11,-39.0333,-67.5833,34.2,35,0,7.49,clear sky
511,Piritiba,BR,2021-08-10 03:27:12,-11.7303,-40.5553,64.27,82,91,6.31,overcast clouds
512,Cockburn Town,TC,2021-08-10 03:27:12,21.4612,-71.1419,82.42,78,100,20.67,overcast clouds
513,Buta,CD,2021-08-10 03:27:13,2.7858,24.73,68.72,96,99,0.72,overcast clouds
514,Rurrenabaque,BO,2021-08-10 03:27:13,-14.4413,-67.5278,76.1,56,51,2.13,broken clouds
515,Muzhi,RU,2021-08-10 03:27:13,65.3667,64.6667,58.48,66,32,7.18,scattered clouds
516,Kirkcudbright,GB,2021-08-10 03:27:14,54.8383,-4.0491,56.95,91,41,3.96,scattered clouds
517,Primo Tapia,MX,2021-08-10 03:27:14,32.22,-116.9172,76.51,83,23,6.04,few clouds
518,Mezen,RU,2021-08-10 03:27:15,65.8522,44.24,57.11,72,99,8.12,overcast clouds
519,Birao,CF,2021-08-10 03:27:15,10.2849,22.7882,68.83,98,30,4.38,scattered clouds
520,Leningradskiy,RU,2021-08-10 03:27:16,69.3833,178.4167,45.27,71,44,9.22,scattered clouds
521,Half Moon Bay,US,2021-08-10 03:24:34,37.4636,-122.4286,75.4,81,20,16.11,few clouds
522,Sungaipenuh,ID,2021-08-10 03:27:16,-2.0833,101.3833,73.8,80,99,2.42,overcast clouds
523,Aripuana,BR,2021-08-10 03:27:17,-9.1667,-60.6333,76.32,46,4,2.39,clear sky
524,Champerico,GT,2021-08-10 03:27:17,14.3,-91.9167,82.35,80,97,3.56,overcast clouds
525,Araguacu,BR,2021-08-10 03:27:17,-12.9306,-49.8264,74.21,41,15,3.85,few clouds
526,Bahawalnagar,PK,2021-08-10 03:27:18,30.5508,73.3908,95.52,36,15,8.41,few clouds
527,Rehoboth,NA,2021-08-10 03:27:18,-23.3167,17.0833,42.96,65,59,6.49,broken clouds
528,Kiruna,SE,2021-08-10 03:27:18,67.8557,20.2251,52.72,100,90,6.91,overcast clouds
529,Whitehorse,CA,2021-08-10 03:27:19,60.7161,-135.0538,61.02,41,75,17.27,broken clouds
530,Mehamn,NO,2021-08-10 03:27:19,71.0357,27.8492,58.95,72,0,2.3,clear sky
531,Chalus,IR,2021-08-10 03:27:19,36.655,51.4204,80.06,69,40,4.61,scattered clouds
532,Kudahuvadhoo,MV,2021-08-10 03:27:20,2.6708,72.8944,82.26,74,100,11.99,overcast clouds
533,El Alto,PE,2021-08-10 03:23:10,-4.2714,-81.2147,65.97,73,91,17.47,overcast clouds
534,Moron,AR,2021-08-10 03:24:19,-34.6534,-58.6198,46.15,85,66,1.99,broken clouds
535,Bhinmal,IN,2021-08-10 03:27:21,25.0,72.25,83.86,64,100,13.94,overcast clouds
536,Bajil,YE,2021-08-10 03:27:21,15.0584,43.2851,86.29,73,63,2.53,broken clouds
537,Prince George,CA,2021-08-10 03:27:21,53.9166,-122.753,68.25,48,20,3.0,few clouds
538,Neryungri,RU,2021-08-10 03:27:22,56.6709,124.6491,68.63,46,57,7.94,broken clouds
539,Bhimunipatnam,IN,2021-08-10 03:27:22,17.8833,83.4333,89.11,68,100,10.0,overcast clouds
540,Sainte-Thecle,CA,2021-08-10 03:27:23,46.8168,-72.4991,69.85,97,91,4.29,overcast clouds
541,Sulzbach-Rosenberg,DE,2021-08-10 03:27:23,49.4983,11.7517,56.3,94,36,1.92,scattered clouds
542,Sur,OM,2021-08-10 03:27:23,22.5667,59.5289,87.1,62,78,5.14,broken clouds
543,Indianola,US,2021-08-10 03:24:24,41.3581,-93.5574,82.2,94,0,8.57,clear sky
544,Koungou,YT,2021-08-10 03:27:24,-12.7336,45.2042,71.31,94,0,6.91,clear sky
545,Manta,EC,2021-08-10 03:27:24,-0.95,-80.7333,69.58,88,75,9.22,broken clouds
546,Caraguatatuba,BR,2021-08-10 03:27:25,-23.6338,-45.4899,62.42,63,11,5.12,few clouds
547,Ugra,RU,2021-08-10 03:27:25,54.7777,34.3267,61.36,84,0,4.7,clear sky
548,Katsuura,JP,2021-08-10 03:27:26,35.1333,140.3,91.51,73,0,32.28,clear sky
549,Bilma,NE,2021-08-10 03:27:26,18.6853,12.9164,86.04,50,14,11.14,few clouds
550,Toamasina,MG,2021-08-10 03:27:27,-18.1667,49.3833,60.8,94,20,2.3,few clouds
551,Cidreira,BR,2021-08-10 03:27:27,-30.1811,-50.2056,62.06,89,94,3.22,light rain
552,Sandwick,GB,2021-08-10 03:27:28,60.0,-1.25,55.22,94,75,9.22,broken clouds
553,Margate,GB,2021-08-10 03:27:28,51.3813,1.3862,60.51,92,14,3.0,few clouds
554,Constitucion,CL,2021-08-10 03:27:28,-35.3333,-72.4167,48.88,79,0,6.35,clear sky
555,Nokia,FI,2021-08-10 03:27:29,61.4667,23.5,60.78,94,90,5.75,overcast clouds
556,Katangli,RU,2021-08-10 03:27:29,51.7102,143.2326,62.19,67,4,9.78,clear sky
557,Invermere,CA,2021-08-10 03:27:29,50.5167,-116.0354,64.06,63,79,3.18,broken clouds
558,Cayenne,GF,2021-08-10 03:27:30,4.9333,-52.3333,80.1,84,0,1.01,clear sky
559,Chengde,CN,2021-08-10 03:27:31,40.9725,117.9361,77.94,67,4,2.3,clear sky
560,Sabha,LY,2021-08-10 03:27:31,27.0377,14.4283,82.04,23,0,12.39,clear sky
561,Gidam,IN,2021-08-10 03:27:32,18.9833,81.4,80.8,81,100,1.59,overcast clouds
562,Iquique,CL,2021-08-10 03:27:03,-20.2208,-70.1431,59.04,80,60,3.69,broken clouds
563,Boende,CD,2021-08-10 03:27:32,-0.2167,20.8667,70.16,90,99,1.3,overcast clouds
564,Gunjur,GM,2021-08-10 03:27:33,13.2019,-16.7339,77.07,100,40,0.0,scattered clouds
565,Balikpapan,ID,2021-08-10 03:27:33,-1.2675,116.8289,82.47,77,93,7.54,overcast clouds
566,Harper,LR,2021-08-10 03:27:33,4.375,-7.7169,76.59,82,51,9.01,broken clouds
567,Sydney Mines,CA,2021-08-10 03:27:34,46.2367,-60.2177,60.48,95,20,3.0,few clouds
568,Vredendal,ZA,2021-08-10 03:27:34,-31.6683,18.5012,47.8,69,0,5.06,clear sky
569,Tacoronte,ES,2021-08-10 03:27:35,28.4769,-16.4102,65.75,71,75,15.99,broken clouds
570,Buala,SB,2021-08-10 03:25:09,-8.145,159.5921,84.9,67,46,6.67,scattered clouds
571,Sitka,US,2021-08-10 03:27:36,57.0531,-135.33,53.49,87,90,3.44,moderate rain
572,Eyl,SO,2021-08-10 03:27:36,7.9803,49.8164,75.31,81,22,20.15,few clouds
573,Evanston,US,2021-08-10 03:26:56,42.0411,-87.6901,79.14,94,90,1.01,light rain
574,Bayan,CN,2021-08-10 03:27:36,46.0833,127.4,67.95,72,100,14.05,overcast clouds
575,Nema,RU,2021-08-10 03:27:37,57.5067,50.5011,61.72,87,56,4.99,broken clouds
576,Malangali,TZ,2021-08-10 03:27:37,-8.5667,34.85,54.63,77,49,8.12,scattered clouds
577,Ahipara,NZ,2021-08-10 03:27:38,-35.1667,173.1667,56.82,63,33,12.88,scattered clouds
578,Saint-Georges,GD,2021-08-10 03:27:38,12.0564,-61.7485,78.48,89,20,0.0,few clouds
579,Stornoway,GB,2021-08-10 03:27:38,58.2093,-6.3865,54.93,94,90,5.75,overcast clouds
580,Spearfish,US,2021-08-10 03:27:39,44.4908,-103.8594,69.69,47,1,1.01,clear sky
581,Semey,KZ,2021-08-10 03:27:39,50.4111,80.2275,66.42,68,75,15.66,broken clouds
582,Narsaq,GL,2021-08-10 03:27:41,60.9167,-46.05,44.82,60,5,4.12,clear sky
583,Shreveport,US,2021-08-10 03:27:41,32.5251,-93.7502,85.03,75,1,10.36,clear sky
584,Linxia,CN,2021-08-10 03:27:42,35.6003,103.2064,65.44,64,99,7.94,overcast clouds
585,Atbasar,KZ,2021-08-10 03:27:42,51.8,68.3333,64.27,79,98,13.6,overcast clouds
586,Alofi,NU,2021-08-10 03:27:42,-19.0595,-169.9187,76.89,88,40,9.22,light rain
587,Kinsale,IE,2021-08-10 03:27:43,51.7075,-8.5306,56.57,94,75,2.3,broken clouds
588,Kutum,SD,2021-08-10 03:27:43,14.2,24.6667,68.31,82,93,3.36,overcast clouds
589,Great Yarmouth,GB,2021-08-10 03:27:44,52.6083,1.7305,57.94,91,64,11.12,broken clouds
590,Rio Tercero,AR,2021-08-10 03:27:44,-32.173,-64.1141,38.8,79,6,6.69,clear sky
591,Kargat,RU,2021-08-10 03:27:44,55.1956,80.2811,66.79,90,100,8.77,light rain
592,Coihueco,CL,2021-08-10 03:27:45,-36.6167,-71.8333,43.54,100,0,5.75,clear sky
593,La Asuncion,VE,2021-08-10 03:27:45,11.0333,-63.8628,80.33,89,87,5.75,overcast clouds
594,Anloga,GH,2021-08-10 03:27:45,5.7947,0.8973,77.22,92,100,11.14,overcast clouds
595,Broken Hill,AU,2021-08-10 03:27:46,-31.95,141.4333,65.91,20,0,17.27,clear sky
596,Rio Grande,BR,2021-08-10 03:27:46,-32.035,-52.0986,56.37,97,100,11.21,overcast clouds
597,Genhe,CN,2021-08-10 03:27:47,50.7833,121.5167,57.09,79,100,5.97,overcast clouds
598,Coruripe,BR,2021-08-10 03:23:02,-10.1256,-36.1756,72.9,89,85,7.85,overcast clouds
599,Nadym,RU,2021-08-10 03:27:47,65.5333,72.5167,55.33,65,100,15.46,overcast clouds
600,Plettenberg Bay,ZA,2021-08-10 03:27:48,-34.0527,23.3716,48.6,65,6,6.17,clear sky
601,Kimbe,PG,2021-08-10 03:27:48,-5.5502,150.1429,87.98,63,35,3.11,light rain
602,Santa Cruz Cabralia,BR,2021-08-10 03:27:48,-16.2781,-39.0247,70.03,83,75,2.3,broken clouds
603,Aykhal,RU,2021-08-10 03:27:49,66.0,111.5,66.6,48,50,8.86,scattered clouds
604,Atambua,ID,2021-08-10 03:27:49,-9.1061,124.8925,83.88,52,63,2.89,broken clouds
605,Tongliao,CN,2021-08-10 03:27:49,43.6125,122.2653,71.37,77,100,7.81,light rain
606,Stephenville,US,2021-08-10 03:26:48,32.2207,-98.2023,86.25,60,1,9.22,clear sky
607,Sept-Iles,CA,2021-08-10 03:27:51,50.2001,-66.3821,57.72,95,90,1.01,overcast clouds
608,Mecca,SA,2021-08-10 03:27:51,21.4267,39.8261,89.46,24,40,5.53,scattered clouds
609,Montevideo,UY,2021-08-10 03:27:52,-34.8335,-56.1674,49.82,100,90,12.66,mist
610,Uige,AO,2021-08-10 03:27:52,-7.6087,15.0613,61.43,96,16,2.15,few clouds
611,Suicheng,CN,2021-08-10 03:27:53,33.8963,117.9331,85.44,66,76,6.96,light rain
612,Perth,AU,2021-08-10 03:27:53,-31.9333,115.8333,55.4,69,75,20.71,light rain
613,Palauig,PH,2021-08-10 03:27:54,15.435,119.9045,85.03,74,100,8.7,light rain
614,La Trinite,MQ,2021-08-10 03:27:54,14.7376,-60.9629,79.84,69,90,1.01,overcast clouds
615,Yantarnyy,RU,2021-08-10 03:27:56,54.8717,19.9381,57.06,72,48,8.52,scattered clouds
616,Kapoeta,SS,2021-08-10 03:27:56,4.7717,33.5903,69.33,85,79,3.02,light rain
617,Hofn,IS,2021-08-10 03:27:56,64.2539,-15.2082,51.62,82,22,1.57,few clouds
618,Tucuma,BR,2021-08-10 03:27:57,-0.1833,-50.05,76.23,87,33,5.5,scattered clouds
619,Nuevo Progreso,MX,2021-08-10 03:27:57,23.1667,-97.95,83.59,70,6,6.55,clear sky
620,Bathsheba,BB,2021-08-10 03:27:58,13.2167,-59.5167,77.61,94,75,5.75,broken clouds
621,Filadelfia,US,2021-08-10 03:25:35,39.9523,-75.1638,76.17,92,75,1.01,broken clouds
622,Saint Anthony,US,2021-08-10 03:27:58,45.0205,-93.218,77.94,79,1,1.01,clear sky
623,Vangaindrano,MG,2021-08-10 03:27:59,-23.35,47.6,63.16,90,44,5.17,scattered clouds
624,Odweyne,SO,2021-08-10 03:27:59,9.4092,45.064,71.24,54,40,14.92,scattered clouds
625,Hegang,CN,2021-08-10 03:27:59,47.4,130.3667,59.63,71,100,9.19,overcast clouds
626,San Quintin,MX,2021-08-10 03:28:01,30.4833,-115.95,68.68,85,4,9.06,clear sky
627,Touros,BR,2021-08-10 03:26:29,-5.1989,-35.4608,74.3,79,28,12.95,scattered clouds
628,Ekhabi,RU,2021-08-10 03:28:01,53.5102,142.9671,65.3,49,8,7.99,clear sky
629,Surdila-Gaiseanca,RO,2021-08-10 03:28:02,45.0667,27.3333,71.42,69,32,12.64,scattered clouds
630,Belyy Yar,RU,2021-08-10 03:28:02,53.6039,91.3903,71.49,73,7,4.47,clear sky
631,Mayo,US,2021-08-10 03:28:03,38.8876,-76.5119,79.25,95,20,1.99,few clouds
632,Halifax,CA,2021-08-10 03:27:56,44.6453,-63.5724,64.09,93,92,1.99,overcast clouds
633,Dabat,ET,2021-08-10 03:28:03,12.9842,37.765,52.05,82,61,1.3,broken clouds
634,Omsukchan,RU,2021-08-10 03:28:03,62.5333,155.8,69.12,35,49,4.25,scattered clouds
635,Clarence Town,AU,2021-08-10 03:28:04,-32.5833,151.7833,75.15,34,8,3.62,clear sky
636,Les Cayes,HT,2021-08-10 03:28:04,18.2,-73.75,79.5,80,74,4.41,broken clouds
637,Novelda,ES,2021-08-10 03:28:05,38.3848,-0.7677,74.12,70,2,4.54,clear sky
638,Dong Hoi,VN,2021-08-10 03:28:05,17.4833,106.6,92.66,56,100,8.86,overcast clouds
639,Lubango,AO,2021-08-10 03:28:06,-14.9172,13.4925,56.79,23,0,3.38,clear sky
640,Tutayev,RU,2021-08-10 03:28:06,57.8853,39.5406,62.08,86,5,2.28,clear sky
641,Inhambane,MZ,2021-08-10 03:28:06,-23.865,35.3833,70.32,82,44,17.29,light rain
642,Pemba,MZ,2021-08-10 03:28:07,-12.974,40.5178,70.5,94,75,4.61,broken clouds
643,Arkhangelsk,RU,2021-08-10 03:28:07,64.5401,40.5433,59.11,94,90,4.47,overcast clouds
644,Durban,ZA,2021-08-10 03:28:08,-29.8579,31.0292,60.03,51,45,4.0,scattered clouds
645,Baoding,CN,2021-08-10 03:28:08,38.8511,115.4903,81.25,74,93,3.47,light rain
646,Coffs Harbour,AU,2021-08-10 03:28:09,-30.3,153.1333,72.14,55,11,12.66,few clouds
647,Valdivia,CL,2021-08-10 03:28:09,-39.8142,-73.2459,42.89,98,6,2.59,clear sky
648,Bangassou,CF,2021-08-10 03:28:10,4.7413,22.8184,67.32,98,98,0.45,overcast clouds
649,Eureka,US,2021-08-10 03:28:10,40.8021,-124.1637,60.13,78,2,1.01,clear sky
650,Oranjestad,AW,2021-08-10 03:28:11,12.524,-70.027,82.35,78,20,19.57,few clouds
651,Gamba,GA,2021-08-10 03:28:11,-2.65,10.0,72.05,88,59,3.51,broken clouds
652,Atasu,KZ,2021-08-10 03:28:12,48.6814,71.6433,67.69,63,53,12.88,broken clouds
653,Yarmouth,US,2021-08-10 03:28:12,41.7057,-70.2286,71.71,97,90,0.0,mist
654,Marsh Harbour,BS,2021-08-10 03:28:12,26.5412,-77.0636,83.46,73,1,13.27,clear sky
655,San Francisco,US,2021-08-10 03:27:39,37.7749,-122.4194,77.79,83,20,7.0,few clouds
656,Manoharpur,IN,2021-08-10 03:28:13,27.3,75.95,83.35,68,82,15.5,broken clouds
657,Sabang,ID,2021-08-10 03:28:13,5.8933,95.3214,81.91,76,100,20.87,light rain
658,Diamantino,BR,2021-08-10 03:28:14,-14.4086,-56.4461,76.64,39,54,3.69,broken clouds
659,Thinadhoo,MV,2021-08-10 03:28:14,0.5333,72.9333,81.93,72,99,7.05,overcast clouds
660,Marzuq,YE,2021-08-10 03:28:15,14.4,46.4667,80.67,54,59,6.24,broken clouds
661,Baykit,RU,2021-08-10 03:28:15,61.67,96.37,72.01,42,19,2.82,few clouds
662,Raahe,FI,2021-08-10 03:28:16,64.6833,24.4833,59.09,94,70,9.13,broken clouds
663,Gravelbourg,CA,2021-08-10 03:28:17,49.8834,-106.5512,57.47,61,94,6.2,overcast clouds
664,Usukhchay,RU,2021-08-10 03:28:17,41.4225,47.9132,75.15,41,85,5.7,overcast clouds
665,Olinda,BR,2021-08-10 03:28:18,-8.0089,-34.8553,71.33,94,90,5.75,mist
666,Mandan,US,2021-08-10 03:28:18,46.8267,-100.8896,71.58,62,1,10.36,clear sky
667,Altamira,BR,2021-08-10 03:28:19,-3.2033,-52.2064,74.46,59,36,0.94,scattered clouds
668,Rumuruti,KE,2021-08-10 03:28:19,0.267,36.5389,56.97,87,99,1.86,overcast clouds
669,Esik,KZ,2021-08-10 03:28:19,43.3552,77.4525,72.82,48,1,4.21,clear sky
670,Maragogi,BR,2021-08-10 03:28:20,-9.0122,-35.2225,73.11,92,53,8.97,broken clouds
671,Kirov,RU,2021-08-10 03:28:20,58.5966,49.6601,57.13,84,64,5.75,broken clouds
672,Mesyagutovo,RU,2021-08-10 03:28:21,55.5303,58.2528,61.14,64,97,2.71,heavy intensity rain
673,Praia,CV,2021-08-10 03:28:21,14.9215,-23.5087,77.54,83,75,13.8,broken clouds
674,Haines Junction,CA,2021-08-10 03:28:21,60.7522,-137.5108,57.15,47,100,13.8,overcast clouds
675,Palmer,US,2021-08-10 03:28:22,42.1584,-72.3287,71.49,81,75,0.0,broken clouds
